{"HINDUNILVR": {"perc_low": 2.011648745519717}, "ASIANPAINT": {"perc_low": 4.845366447882765}, "DABUR": {"perc_low": 0.6272401433691824}, "MANYAVAR": {"perc_low": 2.9891151091309007}, "BATAINDIA": {"perc_low": 1.3604425175661568}, "ATUL": {"perc_low": 3.563699825479927}}