{"RELIANCE": {"perc_low": 23.94721434040444, "PE_ratio": 24.01}, "HDFCBANK": {"perc_low": 27.608081845183534, "PE_ratio": 18.48}, "INFY": {"perc_high": 7.25601948329107, "PE_ratio": 28.52}, "ICICIBANK": {"perc_high": 7.53110434176239, "PE_ratio": 19.02}, "TCS": {"perc_low": 23.521594684385388, "PE_ratio": 30.51}, "HINDUNILVR": {"perc_low": 24.766925254943477, "PE_ratio": 61.16}, "BHARTIARTL": {"perc_high": 5.151770657672855, "PE_ratio": 91.66}, "ITC": {"perc_low": 22.298735445098274, "PE_ratio": 29.19}, "SBIN": {"perc_high": 13.651315789473683, "PE_ratio": 9.77}, "BAJFINANCE": {"perc_low": 10.42696919745305, "PE_ratio": 28.13}, "LT": {"perc_low": 25.751448628398364, "PE_ratio": 31.16}, "KOTAKBANK": {"perc_low": 16.300158694173664, "PE_ratio": 18.75}, "LICI": {"perc_high": 25.59328968903437, "PE_ratio": 14.01}, "AXISBANK": {"perc_low": 25.919697288206855, "PE_ratio": 13.17}, "HCLTECH": {"perc_high": 3.653693407466243, "PE_ratio": 29.7}, "ASIANPAINT": {"perc_low": 14.525673195760454, "PE_ratio": 58.14}, "ADANIENT": {"perc_high": 24.730895590159996, "PE_ratio": 74.36}, "MARUTI": {"perc_low": 26.20909562368744, "PE_ratio": 26.52}, "TITAN": {"perc_low": 11.972902655736092, "PE_ratio": 86.44}, "SUNPHARMA": {"perc_high": 4.04774657586655, "PE_ratio": 42.69}, "NTPC": {"perc_high": 7.804660497268369, "PE_ratio": 20.36}, "ULTRACEMCO": {"perc_high": 11.517548195748887, "PE_ratio": 47.8}, "BAJAJFINSV": {"perc_low": 24.79828053979776, "PE_ratio": 17.45}, "DMART": {"perc_low": 12.07182320441989, "PE_ratio": 96.24}, "NESTLEIND": {"perc_low": 2.532135333820562, "PE_ratio": 71.46}, "ONGC": {"perc_high": 21.73913043478261, "PE_ratio": 7.21}, "WIPRO": {"perc_high": 6.216589067080523, "PE_ratio": 24.2}, "ADANIGREEN": {"perc_high": 23.26709902948346, "PE_ratio": 195.69}, "ADANIPORTS": {"perc_high": 16.49808807203651, "PE_ratio": 30.61}, "COALINDIA": {"perc_high": 14.04654585594701, "PE_ratio": 8.56}, "POWERGRID": {"perc_high": 12.341296928327642, "PE_ratio": 19.64}, "JSWSTEEL": {"perc_high": 9.651928504233304, "PE_ratio": 33.86}, "TATAMOTORS": {"perc_high": 25.763358778625957, "PE_ratio": 9.84}, "ADANIPOWER": {"perc_high": 34.84400290227158, "PE_ratio": 14.57}, "M&M": {"perc_high": 10.673163464821082, "PE_ratio": 34.06}, "BAJAJ-AUTO": {"perc_high": 19.210897134805073, "PE_ratio": 37.27}, "LTIM": {"perc_low": 32.86215949751304, "PE_ratio": 37.8}, "HAL": {"perc_high": 24.394026168553683, "PE_ratio": 36.75}, "IOC": {"perc_high": 21.310975609756095, "PE_ratio": 7.45}, "TATASTEEL": {"perc_high": 18.68905742145179, "PE_ratio": 53.63}, "DLF": {"perc_high": 16.081025217031833, "PE_ratio": 125.5}, "VBL": {"perc_high": 16.798801973220574, "PE_ratio": 76.13}, "JIOFIN": {"perc_high": 21.180643526729153, "PE_ratio": 176.95}, "SIEMENS": {"perc_high": 11.304567091846138, "PE_ratio": 108.38}, "SBILIFE": {"perc_low": 33.794305636257995, "PE_ratio": 84.4}, "GRASIM": {"perc_high": 8.041004256797848, "PE_ratio": 18.13}, "HDFCLIFE": {"perc_high": 4.841040462427748, "PE_ratio": 94.94}, "HINDALCO": {"perc_high": 7.034232835048214, "PE_ratio": 15.13}, "PIDILITIND": {"perc_high": 8.931185944363104, "PE_ratio": 84.46}, "BEL": {"perc_high": 20.513950073421448, "PE_ratio": 49.18}, "BRITANNIA": {"perc_low": 33.49587138027003, "PE_ratio": 62.96}, "PFC": {"perc_high": 23.956896551724135, "PE_ratio": 7.14}, "INDUSINDBK": {"perc_low": 3.221238938053101, "PE_ratio": 11.29}, "TECHM": {"perc_high": 3.9957998694553942, "PE_ratio": 50.45}, "BANKBARODA": {"perc_low": 30.689379824327922, "PE_ratio": 6.8}, "ADANIENSOL": {"perc_high": 26.780415430267063, "PE_ratio": 76.05}, "GODREJCP": {"perc_high": 15.941887991698284, "PE_ratio": 68.47}, "RECLTD": {"perc_high": 22.737003058103973, "PE_ratio": 9.58}, "INDIGO": {"perc_high": 10.724925521350546, "PE_ratio": 22.7}, "EICHERMOT": {"perc_high": 6.9608227228207715, "PE_ratio": 36}, "TRENT": {"perc_high": 10.492510485320555, "PE_ratio": 262.55}, "ZOMATO": {"perc_high": 15.255658005029337, "PE_ratio": 389.92}, "GAIL": {"perc_high": 14.190012180267972, "PE_ratio": 15.16}, "CHOLAFIN": {"perc_high": 14.915254237288142, "PE_ratio": 33.18}, "PNB": {"perc_high": 33.939818054583625, "PE_ratio": 10.85}, "AMBUJACEM": {"perc_high": 21.338142725793904, "PE_ratio": 33.89}, "DIVISLAB": {"perc_high": 7.502569373072976, "PE_ratio": 93.96}, "TATAPOWER": {"perc_high": 12.296655552187536, "PE_ratio": 45.51}, "SHREECEM": {"perc_low": 4.843881856540085, "PE_ratio": 41.69}, "TATACONSUM": {"perc_low": 18.587627552497775, "PE_ratio": 67.8}, "ABB": {"perc_high": 10.873283460565364, "PE_ratio": 109.02}, "DABUR": {"perc_low": 16.874488961569913, "PE_ratio": 54.45}, "LODHA": {"perc_high": 34.640443649807565, "PE_ratio": 57.76}, "BPCL": {"perc_high": 14.361702127659576, "PE_ratio": 7.71}, "DRREDDY": {"perc_low": 29.76534660122369, "PE_ratio": 20.14}, "CIPLA": {"perc_low": 34.86749116607774, "PE_ratio": 27.43}, "TVSMOTOR": {"perc_high": 10.140297498309662, "PE_ratio": 69.45}, "VEDL": {"perc_high": 12.431967917502144, "PE_ratio": 22.38}, "HAVELLS": {"perc_high": 16.358024691358025, "PE_ratio": 80.6}, "UNIONBANK": {"perc_low": 24.054794520547947, "PE_ratio": 6.06}, "BAJAJHLDNG": {"perc_high": 11.003964757709257, "PE_ratio": 80.3}, "HEROMOTOCO": {"perc_high": 17.470482289373624, "PE_ratio": 25.24}, "POLYCAB": {"perc_high": 13.34582511505588, "PE_ratio": 56.7}, "APOLLOHOSP": {"perc_high": 6.087235801802659, "PE_ratio": 95.46}, "CANBK": {"perc_high": 25.28316524437549, "PE_ratio": 5.71}, "MANKIND": {"perc_high": 10.052910052910052, "PE_ratio": 53.66}, "TORNTPHARM": {"perc_high": 7.298019884702139, "PE_ratio": 69.09}, "IDEA": {"perc_low": 4.425837320574175, "PE_ratio": 0}, "ICICIPRULI": {"perc_high": 8.565512048192772, "PE_ratio": 272.05}, "SHRIRAMFIN": {"perc_high": 11.287562461496337, "PE_ratio": 16.26}, "JINDALSTEL": {"perc_high": 17.402005469462168, "PE_ratio": 17.32}, "SBICARD": {"perc_low": 11.050235357666471, "PE_ratio": 28.39}, "IDBI": {"perc_high": 29.379054680259504, "PE_ratio": 14.01}, "SRF": {"perc_low": 9.881138191859767, "PE_ratio": 54.96}, "IRCTC": {"perc_high": 27.21046623935377, "PE_ratio": 57.76}, "MARICO": {"perc_high": 9.001875390706408, "PE_ratio": 55.65}, "ZYDUSLIFE": {"perc_high": 25.700370006796035, "PE_ratio": 24.2}, "BERGEPAINT": {"perc_low": 27.471526195899777, "PE_ratio": 57.77}, "ICICIGI": {"perc_high": 14.16221382336331, "PE_ratio": 91.32}, "COLPAL": {"perc_high": 14.987146529562981, "PE_ratio": 64.21}, "CGPOWER": {"perc_high": 14.182005258945932, "PE_ratio": 132.08}, "HDFCAMC": {"perc_high": 7.677837171052627, "PE_ratio": 44.51}, "MOTHERSON": {"perc_high": 11.166413198764928, "PE_ratio": 43.41}, "TIINDIA": {"perc_high": 7.04231368947177, "PE_ratio": 70.12}, "JSWENERGY": {"perc_high": 17.24437818362529, "PE_ratio": 61.35}, "BHEL": {"perc_high": 30.922916356045928, "PE_ratio": 0}, "MAXHEALTH": {"perc_high": 18.336314847942756, "PE_ratio": 87.77}, "NAUKRI": {"perc_high": 10.038951841359774, "PE_ratio": 117.07}, "BOSCHLTD": {"perc_high": 8.132252716890779, "PE_ratio": 57.27}, "NHPC": {"perc_high": 34.03716216216217, "PE_ratio": 20.42}, "IDFCFIRSTB": {"perc_low": 4.335047759000739, "PE_ratio": 18.05}, "AUROPHARMA": {"perc_high": 9.472361809045223, "PE_ratio": 23.56}, "INDHOTEL": {"perc_high": 9.320563536678476, "PE_ratio": 78.89}, "ALKEM": {"perc_high": 5.501638224196017, "PE_ratio": 33.94}, "YESBANK": {"perc_low": 34.01273885350318, "PE_ratio": 45.3}, "NMDC": {"perc_high": 25.231360223502712, "PE_ratio": 10.87}, "SOLARINDS": {"perc_high": 20.21356594976688, "PE_ratio": 105.05}, "LUPIN": {"perc_high": 8.088235294117647, "PE_ratio": 42.91}, "BHARATFORG": {"perc_high": 22.333056248268218, "PE_ratio": 69.8}, "PATANJALI": {"perc_high": 13.409798213030824, "PE_ratio": 68.37}, "MUTHOOTFIN": {"perc_high": 8.560432952495493, "PE_ratio": 16.91}, "PERSISTENT": {"perc_high": 9.735586428703238, "PE_ratio": 69.83}, "SUPREMEIND": {"perc_high": 31.811145510835914, "PE_ratio": 62.98}, "HINDPETRO": {"perc_high": 12.391993875095697, "PE_ratio": 10.53}, "INDIANB": {"perc_low": 32.00306983883347,