{"RELIANCE": {"perc_low": 34.84664234562896, "PE_ratio": 25.93}, "HDFCBANK": {"perc_low": 20.842653368046644, "PE_ratio": 17.86}, "TCS": {"perc_low": 36.48293566898217, "PE_ratio": 33.87}, "INFY": {"perc_low": 43.269337476417704, "PE_ratio": 30.09}, "ICICIBANK": {"perc_low": 37.252502780867644, "PE_ratio": 18.66}, "HINDUNILVR": {"perc_low": 31.969798116986237, "PE_ratio": 64.45}, "ITC": {"perc_low": 28.208338550143974, "PE_ratio": 30.85}, "BHARTIARTL": {"perc_high": 4.457846306888836, "PE_ratio": 83.79}, "SBIN": {"perc_low": 49.650220913107496, "PE_ratio": 9.83}, "LICI": {"perc_high": 13.911620294599016, "PE_ratio": 16.17}, "LT": {"perc_low": 33.62094395280237, "PE_ratio": 31.49}, "BAJFINANCE": {"perc_low": 19.509357122078928, "PE_ratio": 30.06}, "HCLTECH": {"perc_low": 48.587149890364486, "PE_ratio": 29.56}, "KOTAKBANK": {"perc_low": 15.422482754153588, "PE_ratio": 19.21}, "AXISBANK": {"perc_low": 24.169644734076094, "PE_ratio": 13.63}, "ASIANPAINT": {"perc_low": 22.42425377326692, "PE_ratio": 61.74}, "TITAN": {"perc_low": 22.461669366583212, "PE_ratio": 95.68}, "ADANIENT": {"perc_low": 41.22315592903828, "PE_ratio": 75.39}, "MARUTI": {"perc_low": 26.36365036738844, "PE_ratio": 26.79}, "ULTRACEMCO": {"perc_low": 43.255790827900384, "PE_ratio": 47.5}, "NTPC": {"perc_high": 7.330518414262256, "PE_ratio": 19.32}, "BAJAJFINSV": {"perc_low": 33.751453437158666, "PE_ratio": 18.51}, "DMART": {"perc_low": 48.07936946902656, "PE_ratio": 130.32}, "TATAMOTORS": {"perc_high": 11.081424936386776, "PE_ratio": 11.64}, "ONGC": {"perc_high": 11.956521739130435, "PE_ratio": 8.12}, "NESTLEIND": {"perc_low": 15.696729216610178, "PE_ratio": 74.65}, "ADANIGREEN": {"perc_high": 13.711420817809664, "PE_ratio": 216.23}, "WIPRO": {"perc_low": 41.28782828956138, "PE_ratio": 24.32}, "COALINDIA": {"perc_high": 11.323705270904233, "PE_ratio": 8.76}, "ADANIPORTS": {"perc_high": 11.323547551498713, "PE_ratio": 32.61}, "POWERGRID": {"perc_high": 10.289655172413797, "PE_ratio": 19.64}, "JSWSTEEL": {"perc_low": 28.38865836791148, "PE_ratio": 31.93}, "M&M": {"perc_high": 10.859465737514517, "PE_ratio": 30.93}, "ADANIPOWER": {"perc_high": 29.117597812133727, "PE_ratio": 15.54}, "SUNPHARMA": {"perc_high": 2.4324324324324325, "PE_ratio": 41.1}, "BAJAJ-AUTO": {"perc_high": 3.046413426453063, "PE_ratio": 39.17}, "LTIM": {"perc_low": 39.977401380288235, "PE_ratio": 39.88}, "HAL": {"perc_high": 17.000748931670998, "PE_ratio": 39.01}, "DLF": {"perc_high": 15.336916081025215, "PE_ratio": 122.72}, "TATASTEEL": {"perc_low": 32.940663176265275, "PE_ratio": 52.49}, "VBL": {"perc_high": 12.177002583979322, "PE_ratio": 79.25}, "IOC": {"perc_high": 10.975609756097573, "PE_ratio": 8.43}, "JIOFIN": {"perc_high": 14.872054725107676, "PE_ratio": 188.85}, "SIEMENS": {"perc_high": 16.950067137676157, "PE_ratio": 96.86}, "GRASIM": {"perc_high": 6.364347146207979, "PE_ratio": 18.28}, "HDFCLIFE": {"perc_low": 47.45795854517013, "PE_ratio": 99}, "HINDALCO": {"perc_high": 6.962600489339385, "PE_ratio": 13.7}, "SBILIFE": {"perc_high": 2.1590909090909065, "PE_ratio": 94.05}, "PIDILITIND": {"perc_low": 42.15611437046083, "PE_ratio": 85.95}, "HINDZINC": {"perc_high": 39.88485823944534, "PE_ratio": 25.73}, "BEL": {"perc_high": 17.121879588839946, "PE_ratio": 50.63}, "IRFC": {"perc_high": 26.46288209606987, "PE_ratio": 35.16}, "BRITANNIA": {"perc_low": 35.2209214067208, "PE_ratio": 63.74}, "INDUSINDBK": {"perc_low": 8.200421306048751, "PE_ratio": 12.28}, "PFC": {"perc_high": 6.155172413793111, "PE_ratio": 8.6}, "TECHM": {"perc_high": 2.4024024024024024, "PE_ratio": 62.84}, "ADANIENSOL": {"perc_low": 47.59475218658892, "PE_ratio": 75.3}, "GODREJCP": {"perc_high": 7.07540983606558, "PE_ratio": 75.99}, "BANKBARODA": {"perc_low": 29.997338301836567, "PE_ratio": 6.75}, "EICHERMOT": {"perc_low": 47.48091603053435, "PE_ratio": 35.92}, "RECLTD": {"perc_high": 6.712538226299691, "PE_ratio": 11.34}, "ATGL": {"perc_high": 33.905034143242816, "PE_ratio": 137.42}, "TRENT": {"perc_high": 3.0716723549488054, "PE_ratio": 247.41}, "ZOMATO": {"perc_high": 9.487362050551791, "PE_ratio": 373.99}, "INDIGO": {"perc_high": 3.7177879364051982, "PE_ratio": 23.88}, "GAIL": {"perc_high": 9.533089727974023, "PE_ratio": 15.75}, "TATAPOWER": {"perc_high": 12.027600849256896, "PE_ratio": 42.21}, "CHOLAFIN": {"perc_high": 1.3360739979444987, "PE_ratio": 35.37}, "PNB": {"perc_high": 22.60321903428972, "PE_ratio": 11.53}, "AMBUJACEM": {"perc_high": 12.256878138482225, "PE_ratio": 37.44}, "SHREECEM": {"perc_low": 9.232067510548523, "PE_ratio": 44.04}, "TATACONSUM": {"perc_low": 42.36140145497115, "PE_ratio": 79.87}, "CIPLA": {"perc_low": 44.16519434628975, "PE_ratio": 29.3}, "ABB": {"perc_high": 17.748184416308295, "PE_ratio": 100.73}, "DABUR": {"perc_low": 33.62632869991825, "PE_ratio": 61.79}, "DIVISLAB": {"perc_high": 1.9769772192585748, "PE_ratio": 81.21}, "BPCL": {"perc_high": 4.084967320261438, "PE_ratio": 8.39}, "DRREDDY": {"perc_low": 29.09490831900568, "PE_ratio": 20.14}, "LODHA": {"perc_high": 27.982666141398227, "PE_ratio": 61.34}, "TVSMOTOR": {"perc_high": 4.445804195804199, "PE_ratio": 70.06}, "UNIONBANK": {"perc_low": 42.45674740484429, "PE_ratio": 6.67}, "HAVELLS": {"perc_high": 6.13982069104463, "PE_ratio": 84.69}, "BAJAJHLDNG": {"perc_high": 5.317836388019663, "PE_ratio": 84.91}, "HEROMOTOCO": {"perc_high": 3.772976732744663, "PE_ratio": 27.61}, "POLYCAB": {"perc_high": 10.181478425141, "PE_ratio": 55.51}, "APOLLOHOSP": {"perc_low": 47.32225983918747, "PE_ratio": 94.75}, "IOB": {"perc_high": 30.710447761194025, "PE_ratio": 40.15}, "VEDL": {"perc_high": 9.699062654168717, "PE_ratio": 21.99}, "MANKIND": {"perc_low": 48.96764801996375, "PE_ratio": 50.14}, "CANBK": {"perc_high": 18.688906128782005, "PE_ratio": 6}, "TORNTPHARM": {"perc_high": 4.5369334079462815, "PE_ratio": 70.11}, "IDEA": {"perc_high": 32.638164754953074, "PE_ratio": 0}, "ICICIPRULI": {"perc_high": 2.7041014361495637, "PE_ratio": 275.02}, "JINDALSTEL": {"perc_high": 14.512306289881499, "PE_ratio": 17.35}, "SRF": {"perc_low": 25.75579301236644, "PE_ratio": 63.17}, "IDBI": {"perc_high": 15.93141797961076, "PE_ratio": 15.87}, "SHRIRAMFIN": {"perc_high": 2.240437158469951, "PE_ratio": 15.93}, "SBICARD": {"perc_low": 24.083648429662773, "PE_ratio": 30.31}, "IRCTC": {"perc_low": 49.19361183227128, "PE_ratio": 63.57}, "MARICO": {"perc_low": 38.3919391322229, "PE_ratio": 54.13}, "BERGEPAINT": {"perc_low": 36.09339407744876, "PE_ratio": 61.8}, "ICICIGI": {"perc_high": 1.140043763676157, "PE_ratio": 66.45}, "ZYDUSLIFE": {"perc_high": 16.537038435399833, "PE_ratio": 26.83}, "CGPOWER": {"perc_high": 12.87400318979266, "PE_ratio": 117.41}, "MOTHERSON": {"perc_high": 9.20624281884335, "PE_ratio": 40.51}, "TIINDIA": {"perc_low": 43.85690718068941, "PE_ratio": 65.08}, "COLPAL": {"perc_high": 1.4276241897725275, "PE_ratio": 70.39}, "HDFCAMC": {"perc_high": 1.6321323302978272, "PE_ratio": 46.61}, "JSWENERGY": {"perc_high": 7.047872340425531, "PE_ratio": 64.03}, "BHEL": {"perc_high": 20.918443417325193, "PE_ratio": 0}, "MAXHEALTH": {"perc_high": 10.087764057556896, "PE_ratio": 81.67}, "NAUKRI": {"perc_high": 4.411024333569997, "PE_ratio": 109.91}, "NHPC": {"perc_high": 19.070945945945954, "PE_ratio": 24.44}, "AUROPHARMA": {"perc_high": 4.174950298210741, "PE_ratio": 24.75}, "IDFCFIRSTB": {"perc_low": 6.829476075535975, "PE_ratio": 19.67}, "INDHOTEL": {"perc_high": 2.2865627319970274, "PE_ratio": 77.89}, "BOSCHLTD": {"perc_high": 10.64929930748677, "PE_ratio": 52.42}, "YESBANK": {"perc_low": 49.93630573248408, "PE_ratio": 50.4}, "ALKEM": {"perc_high": 1.9216829498896915, "PE_ratio": 34.59}, "NMDC": {"perc_high": 27.45241836912869, "PE_ratio": 10.25}, "LUPIN": {"perc_high": 2.3724048442906533, "PE_ratio": 45.66}, "MUTHOOTFIN": {"perc_high": 2.122160926395299, "PE_ratio": 17.29}, "SOLARINDS": {"perc_high": 18.73627613174913, "PE_ratio": 101.47}, "SUPREMEIND": {"perc_low": 48.04082199389058, "PE_ratio": 66.15}, "PATANJALI": {"perc_high": 5.087340628450965, "PE_ratio": 74.43},