{"ASIANPAINT": {"perc_low": 9.104527920302608, "PE_ratio": 51.25}, "INDUSINDBK": {"perc_low": 7.764933278816474, "PE_ratio": 12.47}, "TATAELXSI": {"perc_low": 9.605066134265039, "PE_ratio": 55.24}, "TATATECH": {"perc_low": 4.311529651310757, "PE_ratio": "NA"}, "KANSAINER": {"perc_low": 8.993448481238834, "PE_ratio": 32.77}}