{"TCS": {"perc_low": 36.21262458471761, "PE_ratio": 34.07}, "RELIANCE": {"perc_low": 36.33067603477006, "PE_ratio": 26.27}, "ICICIBANK": {"perc_low": 37.096774193548384, "PE_ratio": 18.32}, "HDFCBANK": {"perc_low": 20.816985075721472, "PE_ratio": 17.79}, "INFY": {"perc_low": 40.77238930196426, "PE_ratio": 29.2}, "HINDUNILVR": {"perc_low": 30.020027163278918, "PE_ratio": 64.06}, "BHARTIARTL": {"perc_high": 2.229454841334418, "PE_ratio": 81.97}, "ITC": {"perc_low": 27.10654814072868, "PE_ratio": 30.52}, "SBIN": {"perc_high": 11.069078947368425, "PE_ratio": 9.79}, "LICI": {"perc_high": 14.48445171849427, "PE_ratio": 15.91}, "LT": {"perc_low": 41.01620724137279, "PE_ratio": 31.65}, "BAJFINANCE": {"perc_low": 11.079058793109024, "PE_ratio": 28.12}, "KOTAKBANK": {"perc_low": 17.44016581921819, "PE_ratio": 19.59}, "HCLTECH": {"perc_high": 2.945612886700629, "PE_ratio": 28.39}, "AXISBANK": {"perc_low": 24.537523649358832, "PE_ratio": 13.51}, "TITAN": {"perc_low": 20.32755615483278, "PE_ratio": 93.3}, "ADANIENT": {"perc_low": 44.52614379084967, "PE_ratio": 76.73}, "MARUTI": {"perc_low": 31.81148748159057, "PE_ratio": 26.67}, "ULTRACEMCO": {"perc_low": 42.323540562209054, "PE_ratio": 46.66}, "SUNPHARMA": {"perc_high": 1.4197255383242118, "PE_ratio": 39.88}, "NTPC": {"perc_high": 4.034717335209943, "PE_ratio": 19.87}, "BAJAJFINSV": {"perc_low": 21.842077446178784, "PE_ratio": 16.74}, "DMART": {"perc_low": 41.80583073874894, "PE_ratio": 121.76}, "TATAMOTORS": {"perc_high": 8.821034775233247, "PE_ratio": 10.75}, "ONGC": {"perc_high": 5.507246376811594, "PE_ratio": 8.55}, "NESTLEIND": {"perc_low": 17.083092569051207, "PE_ratio": 75.09}, "ADANIGREEN": {"perc_high": 13.748217653281813, "PE_ratio": 216.07}, "WIPRO": {"perc_low": 39.51473136915077, "PE_ratio": 24.09}, "COALINDIA": {"perc_high": 2.492870941035775, "PE_ratio": 9.49}, "ADANIPORTS": {"perc_high": 8.992228937954865, "PE_ratio": 32.99}, "POWERGRID": {"perc_high": 7.586206896551724, "PE_ratio": 20.06}, "JSWSTEEL": {"perc_low": 33.74135546334717, "PE_ratio": 33.24}, "M&M": {"perc_high": 7.949228471876562, "PE_ratio": 31.73}, "ADANIPOWER": {"perc_high": 27.25344644750795, "PE_ratio": 15.96}, "BAJAJ-AUTO": {"perc_high": 2.067001310504385, "PE_ratio": 37.64}, "HAL": {"perc_high": 16.912639323318206, "PE_ratio": 39.09}, "LTIM": {"perc_low": 28.47979971419392, "PE_ratio": 37.22}, "IOC": {"perc_high": 12.728658536585371, "PE_ratio": 8.07}, "DLF": {"perc_high": 12.8358825961141, "PE_ratio": 123.76}, "TATASTEEL": {"perc_low": 36.561954624781855, "PE_ratio": 53.86}, "VBL": {"perc_high": 8.797275076344842, "PE_ratio": 82.96}, "JIOFIN": {"perc_high": 18.50772738788954, "PE_ratio": 176.77}, "SBILIFE": {"perc_low": 46.209514770435405, "PE_ratio": 88.53}, "SIEMENS": {"perc_high": 12.156311569013765, "PE_ratio": 102.03}, "GRASIM": {"perc_high": 6.279211189297188, "PE_ratio": 18.25}, "HDFCLIFE": {"perc_low": 45.17989831834182, "PE_ratio": 95.55}, "HINDALCO": {"perc_high": 1.7476406850751487, "PE_ratio": 14.56}, "PIDILITIND": {"perc_low": 35.87489912978996, "PE_ratio": 83.26}, "BEL": {"perc_high": 12.011747430249626, "PE_ratio": 53.44}, "HINDZINC": {"perc_high": 34.38157731831126, "PE_ratio": 27.41}, "IRFC": {"perc_high": 21.2882096069869, "PE_ratio": 36.69}, "BRITANNIA": {"perc_low": 34.44809899487085, "PE_ratio": 63.16}, "PFC": {"perc_high": 11.681034482758621, "PE_ratio": 7.92}, "INDUSINDBK": {"perc_low": 4.35976527234427, "PE_ratio": 11.95}, "TECHM": {"perc_low": 49.79738651368209, "PE_ratio": 62.86}, "BANKBARODA": {"perc_low": 35.53408480944712, "PE_ratio": 6.96}, "ADANIENSOL": {"perc_high": 22.58902077151335, "PE_ratio": 78.73}, "GODREJCP": {"perc_high": 5.888524590163931, "PE_ratio": 75.83}, "INDIGO": {"perc_high": 1.9901386684048328, "PE_ratio": 23.34}, "EICHERMOT": {"perc_low": 49.229007633587784, "PE_ratio": 36.48}, "RECLTD": {"perc_high": 10.31345565749236, "PE_ratio": 10.61}, "ATGL": {"perc_high": 32.32888677147849, "PE_ratio": 139.39}, "TRENT": {"perc_high": 4.490028811135607, "PE_ratio": 239.05}, "ZOMATO": {"perc_high": 9.077963688145237, "PE_ratio": 380.49}, "GAIL": {"perc_high": 4.953308972797408, "PE_ratio": 16.24}, "TATAPOWER": {"perc_high": 10.615711252653929, "PE_ratio": 42.37}, "CHOLAFIN": {"perc_low": 43.38409810126583, "PE_ratio": 32.17}, "PNB": {"perc_high": 19.034289713086075, "PE_ratio": 11.81}, "DIVISLAB": {"perc_high": 2.9821785724947083, "PE_ratio": 78.12}, "AMBUJACEM": {"perc_high": 12.009335879482295, "PE_ratio": 37.19}, "SHREECEM": {"perc_low": 5.6951476793248945, "PE_ratio": 42.74}, "TATACONSUM": {"perc_low": 48.83848545820377, "PE_ratio": 81.95}, "CIPLA": {"perc_low": 43.09187279151943, "PE_ratio": 28.69}, "ABB": {"perc_high": 14.439969617320322, "PE_ratio": 102.57}, "DABUR": {"perc_low": 33.89206868356501, "PE_ratio": 62.72}, "LODHA": {"perc_high": 26.558380556986577, "PE_ratio": 61.7}, "BPCL": {"perc_high": 4.330873137446041, "PE_ratio": 8.16}, "ASIANPAINT": {"perc_low": 19.982397663008882, "PE_ratio": 60.47}, "TVSMOTOR": {"perc_high": 3.4013484740950997, "PE_ratio": 70.4}, "DRREDDY": {"perc_low": 34.59768900500427, "PE_ratio": 20.88}, "VEDL": {"perc_high": 9.057720769610258, "PE_ratio": 21.82}, "UNIONBANK": {"perc_low": 47.75486152033001, "PE_ratio": 6.76}, "BAJAJHLDNG": {"perc_high": 2.711662531017377, "PE_ratio": 77.24}, "HAVELLS": {"perc_high": 4.7093784627782815, "PE_ratio": 86.17}, "HEROMOTOCO": {"perc_high": 9.645350366016068, "PE_ratio": 25.73}, "POLYCAB": {"perc_high": 8.203697767835829, "PE_ratio": 56.49}, "APOLLOHOSP": {"perc_low": 44.958738891239946, "PE_ratio": 92.64}, "IOB": {"perc_high": 27.032835820895524, "PE_ratio": 41.22}, "CANBK": {"perc_high": 14.274631497284721, "PE_ratio": 6.18}, "MANKIND": {"perc_low": 45.4502242951784, "PE_ratio": 47.7}, "TORNTPHARM": {"perc_high": 2.386532820354068, "PE_ratio": 68.08}, "SHRIRAMFIN": {"perc_high": 4.677414420753161, "PE_ratio": 15.52}, "ICICIPRULI": {"perc_high": 4.179679712937742, "PE_ratio": 262.29}, "JINDALSTEL": {"perc_high": 11.855059252506834, "PE_ratio": 17.99}, "IDEA": {"perc_high": 18.404588112617308, "PE_ratio": 0}, "SRF": {"perc_low": 24.480729979589384, "PE_ratio": 61.25}, "SBICARD": {"perc_low": 14.198626437225093, "PE_ratio": 28.44}, "IDBI": {"perc_high": 11.760889712696953, "PE_ratio": 16.59}, "MARICO": {"perc_low": 42.185893481390096, "PE_ratio": 57.89}, "IRCTC": {"perc_low": 46.88065455117616, "PE_ratio": 62.61}, "BERGEPAINT": {"perc_low": 33.48519362186788, "PE_ratio": 59.4}, "ZYDUSLIFE": {"perc_high": 16.24254323038586, "PE_ratio": 26.67}, "CGPOWER": {"perc_high": 7.081339712918661, "PE_ratio": 126.04}, "ICICIGI": {"perc_high": 2.7083333333333335, "PE_ratio": 62.53}, "COLPAL": {"perc_high": 2.5552581472998677, "PE_ratio": 69.16}, "MOTHERSON": {"perc_high": 5.539065492148599, "PE_ratio": 41.51}, "TIINDIA": {"perc_low": 47.7649883482805, "PE_ratio": 65.84}, "BHEL": {"perc_high": 11.555091695243775, "PE_ratio": 0}, "HDFCAMC": {"perc_high": 3.1504323148444584, "PE_ratio": 45.48}, "JSWENERGY": {"perc_high": 4.7672872340425565, "PE_ratio": 64.12}, "NAUKRI": {"perc_high": 1.5059345711058711, "PE_ratio": 110.26}, "MAXHEALTH": {"perc_high": 13.230941932850287, "PE_ratio": 79.39}, "BOSCHLTD": {"perc_high": 12.087900103604337, "PE_ratio": 51.01}, "AUROPHARMA": {"perc_high": 1.1727661215178484, "PE_ratio": 25.2}, "NHPC": {"perc_high": 19.93243243243244, "PE_ratio": 24.05}, "INDHOTEL": {"perc_high": 1.3731343283582158, "PE_ratio": 76.86}, "IDFCFIRSTB": {"perc_low": 6.247337782195075, "PE_ratio": 19.42}, "ALKEM": {"perc_high": 2.8289841526816932, "PE_ratio": 32.07}, "YESBANK": {"perc_high": 26.940639269406397, "PE_ratio": 51.88}, "SOLARINDS": {"perc_high": 21.792750789592418, "PE_ratio": 98.13}, "NMDC": {"perc_high": 20.087305744718005, "PE_ratio": 11.04}, "MUTHOOTFIN": {"perc_high": 4.001798561151075, "PE_ratio": 16.83}, "LUPIN": {"perc_high": 2.6548875631023363, "PE_ratio": 42.18}, "BHARATFORG": {"perc_high": 11.216403435854813, "PE_ratio": 79.1}, "SUPREMEIND": {"perc_high": 17.569659442724458, "PE_ratio": 68.45},