{
    "ASIANPAINT": {
        "perc_low": 7.095298487181793,
        "PE_ratio": 48.82
    },
    "ADANIENT": {
        "perc_low": 12.54320987654321,
        "PE_ratio": 64.09
    },
    "KOTAKBANK": {
        "perc_low": 23.31508890112382,
        "PE_ratio": 19.49
    },
    "TCS": {
        "perc_low": 13.518028678825003,
        "PE_ratio": 30.07
    },
    "RELIANCE": {
        "perc_low": 4.535996670828132,
        "PE_ratio": 21.53
    },
    "HCLTECH": {
        "perc_high": 17.428685021369645,
        "PE_ratio": 26.91
    },
    "SUNPHARMA": {
        "perc_low": 29.676154516410108,
        "PE_ratio": 35.28
    },
    "HAL": {
        "perc_low": 32.04240933146893,
        "PE_ratio": 29.78
    },
    "LTIM": {
        "perc_low": 30.048409788304102,
        "PE_ratio": 38.26
    },
    "HINDALCO": {
        "perc_low": 16.1680265941372,
        "PE_ratio": 10.07
    },
    "ZOMATO": {
        "perc_high": 24.51591729570069,
        "PE_ratio": 343.98
    },
    "DABUR": {
        "perc_low": 11.692559280457889,
        "PE_ratio": 54.02
    },
    "LODHA": {
        "perc_low": 33.52944185808563,
        "PE_ratio": 50.8
    },
    "BAJAJHLDNG": {
        "perc_high": 11.760840006043207,
        "PE_ratio": 86.41
    },
    "ICICIPRULI": {
        "perc_low": 24.45204102151618,
        "PE_ratio": 89.93
    },
    "MARICO": {
        "perc_high": 10.184556927669963,
        "PE_ratio": 55.06
    },
    "BERGEPAINT": {
        "perc_low": 13.53512278697887,
        "PE_ratio": 52.39
    },
    "ZYDUSLIFE": {
        "perc_low": 30.152925531914892,
        "PE_ratio": 22.84
    },
    "HDFCAMC": {
        "perc_low": 14.183660025471735,
        "PE_ratio": 35.36
    },
    "BHEL": {
        "perc_low": 7.47257521451071,
        "PE_ratio": 152.61
    },
    "JSWENERGY": {
        "perc_low": 8.257506824385795,
        "PE_ratio": 43.66
    },
    "MAXHEALTH": {
        "perc_high": 11.189380675108929,
        "PE_ratio": 101.6
    },
    "NAUKRI": {
        "perc_high": 16.09284798825707,
        "PE_ratio": 160.17
    },
    "BOSCHLTD": {
        "perc_low": 22.552503970622674,
        "PE_ratio": 41.83
    },
    "NHPC": {
        "perc_low": 7.581427581427579,
        "PE_ratio": 23.21
    },
    "AUROPHARMA": {
        "perc_low": 18.758476786645794,
        "PE_ratio": 18.11
    },
    "IDFCFIRSTB": {
        "perc_low": 11.235158603579661,
        "PE_ratio": 23.54
    },
    "INDHOTEL": {
        "perc_high": 12.291876187283496,
        "PE_ratio": 73.32
    },
    "ALKEM": {
        "perc_low": 15.890448259039497,
        "PE_ratio": 27.17
    },
    "YESBANK": {
        "perc_low": 11.078546307151235,
        "PE_ratio": 27.5
    },
    "NMDC": {
        "perc_low": 6.281407035175879,
        "PE_ratio": 9.05
    },
    "SOLARINDS": {
        "perc_high": 28.91750639193864,
        "PE_ratio": 86.09
    },
    "PERSISTENT": {
        "perc_high": 19.316089499035183,
        "PE_ratio": 70.07
    },
    "LUPIN": {
        "perc_high": 16.72562320529361,
        "PE_ratio": 35.38
    },
    "MUTHOOTFIN": {
        "perc_high": 6.265934065934074,
        "PE_ratio": 18.09
    },
    "SUPREMEIND": {
        "perc_low": 13.529641807042184,
        "PE_ratio": 53.24
    },
    "BHARATFORG": {
        "perc_low": 9.689557855127,
        "PE_ratio": 56.72
    },
    "INDIANB": {
        "perc_low": 15.011769741065702,
        "PE_ratio": 7.01
    },
    "GODREJPROP": {
        "perc_low": 12.492187875582902,
        "PE_ratio": 49.17
    },
    "LTTS": {
        "perc_low": 31.380952380952383,
        "PE_ratio": 44.31
    },
    "MRF": {
        "perc_low": 4.44173478655768,
        "PE_ratio": 24.87
    },
    "TATAELXSI": {
        "perc_low": 8.445945945945946,
        "PE_ratio": 49.1
    },
    "CUMMINSIND": {
        "perc_low": 24.902193109923758,
        "PE_ratio": 45.89
    },
    "GICRE": {
        "perc_low": 30.31975328680408,
        "PE_ratio": 9.75
    },
    "PIIND": {
        "perc_low": 13.128063725490197,
        "PE_ratio": 29.87
    },
    "ASHOKLEY": {
        "perc_low": 31.253570295144385,
        "PE_ratio": 21.75
    },
    "INDUSTOWER": {
        "perc_high": 26.425545780384496,
        "PE_ratio": 9.3
    },
    "AUBANK": {
        "perc_low": 14.164093928337529,
        "PE_ratio": 21.98
    },
    "OBEROIRLTY": {
        "perc_high": 24.107695261664496,
        "PE_ratio": 26.09
    },
    "CONCOR": {
        "perc_low": 7.018664395713584,
        "PE_ratio": 35.44
    },
    "FACT": {
        "perc_high": 24.76832350463353,
        "PE_ratio": 563.67
    },
    "BANKINDIA": {
        "perc_low": 18.189894503053868,
        "PE_ratio": 6.02
    },
    "MPHASIS": {
        "perc_low": 29.79195244627344,
        "PE_ratio": 32.24
    },
    "ASTRAL": {
        "perc_low": 6.527149717811207,
        "PE_ratio": 77.6
    },
    "SAIL": {
        "perc_low": 4.6658639373871225,
        "PE_ratio": 15.38
    },
    "TATACOMM": {
        "perc_low": 3.2387096774193576,
        "PE_ratio": 43.17
    },
    "SCHAEFFLER": {
        "perc_low": 24.583561144523415,
        "PE_ratio": 58.62
    },
    "NYKAA": {
        "perc_low": 31.874105865522175,
        "PE_ratio": 901.53
    },
    "BALKRISIND": {
        "perc_low": 26.271765885677812,
        "PE_ratio": 30.02
    },
    "LINDEINDIA": {
        "perc_low": 16.133030173136788,
        "PE_ratio": 122.02
    },
    "TATATECH": {
        "perc_low": 5.0332383665717035,
        "PE_ratio": 48.79
    },
    "UCOBANK": {
        "perc_low": 11.970534069981596,
        "PE_ratio": 22.12
    },
    "PRESTIGE": {
        "perc_high": 33.246577983420096,
        "PE_ratio": 76.96
    },
    "UBL": {
        "perc_high": 5.79205983389137,
        "PE_ratio": 124.85
    },
    "JSL": {
        "perc_low": 17.795484727755635,
        "PE_ratio": 21.32
    },
    "AWL": {
        "perc_low": 10.728366881095672,
        "PE_ratio": 30.38
    },
    "MAZDOCK": {
        "perc_high": 24.228668941979524,
        "PE_ratio": 39.39
    },
    "TORNTPOWER": {
        "perc_low": 32.55747942094804,
        "PE_ratio": 30.44
    },
    "UPL": {
        "perc_high": 4.593278894472362,
        "PE_ratio": 28.52
    },
    "JSWINFRA": {
        "perc_low": 29.292682926829272,
        "PE_ratio": 41.97
    },
    "CENTRALBK": {
        "perc_low": 9.247311827956983,
        "PE_ratio": 12.23
    },
    "ABCAPITAL": {
        "perc_low": 9.916390015984259,
        "PE_ratio": 13.17
    },
    "PAGEIND": {
        "perc_high": 8.907631803040921,
        "PE_ratio": 83.65
    },
    "DALBHARAT": {
        "perc_low": 11.429696015501998,
        "PE_ratio": 50.31
    },
    "APLAPOLLO": {
        "perc_low": 14.601532567049805,
        "PE_ratio": 65.89
    },
    "3MINDIA": {
        "perc_low": 6.381106574686752,
        "PE_ratio": 56.22
    },
    "ACC": {
        "perc_low": 8.549983683237249,
        "PE_ratio": 15.93
    },
    "KPITTECH": {
        "perc_low": 17.204169221336606,
        "PE_ratio": 50.26
    },
    "FLUOROCHEM": {
        "perc_high": 28.962599493950968,
        "PE_ratio": 86
    },
    "PAYTM": {
        "perc_high": 33.138905875158756,
        "PE_ratio": 0
    },
    "PHOENIXLTD": {
        "perc_high": 16.04544355813392,
        "PE_ratio": 47.42
    },
    "UNOMINDA": {
        "perc_high": 24.422310756972113,
        "PE_ratio": 73.57
    },
    "DIXON": {
        "perc_high": 25.713748570413976,
        "PE_ratio": 131.71
    },
    "SUNDARMFIN": {
        "perc_low": 29.180797774971257,
        "PE_ratio": 30.09
    },
    "BANDHANBNK": {
        "perc_low": 8.861313868613129,
        "PE_ratio": 9.83
    },
    "COFORGE": {
        "perc_high": 22.007519846810546,
        "PE_ratio": 63.62
    },
    "FEDERALBNK": {
        "perc_low": 31.256713211600434,
        "PE_ratio": 11.12
    },
    "SONACOMS": {
        "perc_low": 5.108877721943044,
        "PE_ratio": 52.44
    },
    "JUBLFOOD": {
        "perc_high": 9.865076874803894,