{"RELIANCE": {"perc_low": 34.03143719317209, "PE_ratio": 25.65}, "TCS": {"perc_low": 29.708547266686793, "PE_ratio": 32.3}, "ICICIBANK": {"perc_high": 6.9548941167835, "PE_ratio": 19.23}, "HDFCBANK": {"perc_low": 27.754757801327422, "PE_ratio": 18.81}, "INFY": {"perc_high": 5.099329368594205, "PE_ratio": 29.19}, "BHARTIARTL": {"perc_high": 4.665542439572794, "PE_ratio": 92.58}, "ITC": {"perc_low": 30.148992112182288, "PE_ratio": 31.28}, "SBIN": {"perc_high": 13.596491228070176, "PE_ratio": 9.46}, "HINDUNILVR": {"perc_high": 4.7314662273476085, "PE_ratio": 67.18}, "LT": {"perc_low": 30.38530889484095, "PE_ratio": 31.94}, "BAJFINANCE": {"perc_low": 26.29125052522705, "PE_ratio": 31.96}, "HCLTECH": {"perc_high": 2.10822783079489, "PE_ratio": 29.65}, "KOTAKBANK": {"perc_low": 22.0390581986592, "PE_ratio": 20.03}, "AXISBANK": {"perc_low": 30.64431364305235, "PE_ratio": 14.24}, "ASIANPAINT": {"perc_low": 24.675105801280846, "PE_ratio": 63.48}, "LICI": {"perc_high": 18.203764320785602, "PE_ratio": 15.23}, "TITAN": {"perc_low": 25.601754127599683, "PE_ratio": 98.28}, "ADANIENT": {"perc_high": 17.011672320307703, "PE_ratio": 78.4}, "ULTRACEMCO": {"perc_high": 4.018372054704235, "PE_ratio": 48.57}, "MARUTI": {"perc_high": 4.970394736842111, "PE_ratio": 28.84}, "SUNPHARMA": {"perc_high": 2.958655342158288, "PE_ratio": 43.36}, "BAJAJFINSV": {"perc_high": 2.9976846150056717, "PE_ratio": 19.59}, "NTPC": {"perc_high": 1.9400156093209922, "PE_ratio": 21.23}, "TATAMOTORS": {"perc_high": 18.66836301950806, "PE_ratio": 10.62}, "DMART": {"perc_high": 9.732262504899863, "PE_ratio": 125.12}, "ONGC": {"perc_high": 15.739130434782611, "PE_ratio": 7.76}, "ADANIGREEN": {"perc_high": 13.481440596108731, "PE_ratio": 217.64}, "NESTLEIND": {"perc_low": 21.767047701211396, "PE_ratio": 80.17}, "WIPRO": {"perc_high": 6.846007932402126, "PE_ratio": 25.09}, "ADANIPORTS": {"perc_high": 10.69446157641545, "PE_ratio": 32.23}, "COALINDIA": {"perc_high": 6.439150032195739, "PE_ratio": 8.99}, "POWERGRID": {"perc_high": 4.450511945392495, "PE_ratio": 20.92}, "M&M": {"perc_high": 3.91980385462896, "PE_ratio": 35.16}, "JSWSTEEL": {"perc_high": 1.7910736760577126, "PE_ratio": 35.54}, "BAJAJ-AUTO": {"perc_high": 5.181618913417877, "PE_ratio": 44.55}, "ADANIPOWER": {"perc_high": 27.203214823910255, "PE_ratio": 15.83}, "LTIM": {"perc_high": 5.870006616019891, "PE_ratio": 40.49}, "IOC": {"perc_high": 9.923780487804878, "PE_ratio": 8.38}, "HAL": {"perc_high": 22.497907396801615, "PE_ratio": 35.99}, "TATASTEEL": {"perc_high": 10.56338028169014, "PE_ratio": 58.31}, "DLF": {"perc_high": 7.472095907399759, "PE_ratio": 130.52}, "VBL": {"perc_high": 11.102302090674184, "PE_ratio": 79.79}, "SBILIFE": {"perc_high": 5.769628099173556, "PE_ratio": 90.91}, "SIEMENS": {"perc_high": 8.968213133886325, "PE_ratio": 105.03}, "JIOFIN": {"perc_high": 12.275145680263488, "PE_ratio": 191.73}, "HDFCLIFE": {"perc_high": 7.172884918549662, "PE_ratio": 94.58}, "GRASIM": {"perc_high": 4.265485188080966, "PE_ratio": 18.64}, "PIDILITIND": {"perc_high": 2.4538799414348516, "PE_ratio": 89.97}, "HINDALCO": {"perc_high": 2.6518615284127964, "PE_ratio": 15.47}, "BEL": {"perc_high": 17.01908957415565, "PE_ratio": 49.67}, "BRITANNIA": {"perc_high": 2.112370013968654, "PE_ratio": 69.06}, "IRFC": {"perc_high": 32.096069868995635, "PE_ratio": 32.17}, "PFC": {"perc_high": 15.689655172413794, "PE_ratio": 7.52}, "TECHM": {"perc_high": 5.502392344497608, "PE_ratio": 60.46}, "INDUSINDBK": {"perc_low": 9.110743304243146, "PE_ratio": 12.5}, "BANKBARODA": {"perc_low": 33.830183657173286, "PE_ratio": 6.86}, "GODREJCP": {"perc_high": 11.20731588675941, "PE_ratio": 72.64}, "INDIGO": {"perc_high": 4.627606752730884, "PE_ratio": 23.68}, "EICHERMOT": {"perc_high": 2.9970617042115575, "PE_ratio": 37.61}, "ADANIENSOL": {"perc_high": 25.07418397626113, "PE_ratio": 75.46}, "RECLTD": {"perc_high": 15.39755351681958, "PE_ratio": 9.98}, "TRENT": {"perc_high": 5.260141815388099, "PE_ratio": 261.45}, "ZOMATO": {"perc_high": 9.036043587594296, "PE_ratio": 401.07}, "GAIL": {"perc_high": 2.817701989443767, "PE_ratio": 16.59}, "TATAPOWER": {"perc_high": 3.0009093664746938, "PE_ratio": 48.4}, "CHOLAFIN": {"perc_high": 4.594430992736083, "PE_ratio": 37.09}, "DIVISLAB": {"perc_high": 3.944151389498381, "PE_ratio": 86.32}, "PNB": {"perc_high": 27.31980405878237, "PE_ratio": 11.37}, "AMBUJACEM": {"perc_high": 11.874955796025183, "PE_ratio": 37.48}, "TATACONSUM": {"perc_high": 5.1606125242749465, "PE_ratio": 80.43}, "SHREECEM": {"perc_low": 12.155274261603372, "PE_ratio": 45.14}, "CIPLA": {"perc_high": 1.8686868686868714, "PE_ratio": 29.78}, "DABUR": {"perc_low": 28.730580539656586, "PE_ratio": 59.91}, "LODHA": {"perc_high": 26.397769629382704, "PE_ratio": 62.69}, "BPCL": {"perc_high": 3.1515957446808573, "PE_ratio": 8.6}, "DRREDDY": {"perc_low": 30.349338686594102, "PE_ratio": 20.3}, "TVSMOTOR": {"perc_high": 4.9695740365111565, "PE_ratio": 72.04}, "VEDL": {"perc_high": 3.3419268595435883, "PE_ratio": 24.16}, "UNIONBANK": {"perc_high": 29.45507246376812, "PE_ratio": 6.66}, "HAVELLS": {"perc_high": 6.431623931623934, "PE_ratio": 90.71}, "BAJAJHLDNG": {"perc_high": 8.559471365638768, "PE_ratio": 81.79}, "HEROMOTOCO": {"perc_high": 9.305583350010007, "PE_ratio": 27.5}, "POLYCAB": {"perc_high": 6.135132011069491, "PE_ratio": 58.07}, "APOLLOHOSP": {"perc_high": 2.356856340415061, "PE_ratio": 98.37}, "IOB": {"perc_high": 31.462686567164184, "PE_ratio": 38.83}, "MANKIND": {"perc_high": 10.066546762589924, "PE_ratio": 51.1}, "ABB": {"perc_high": 11.638314963469751, "PE_ratio": 106.06}, "TORNTPHARM": {"perc_high": 6.7865137101287125, "PE_ratio": 69.18}, "IDEA": {"perc_low": 7.558733401430033, "PE_ratio": 0}, "SHRIRAMFIN": {"perc_high": 2.586077075775202, "PE_ratio": 17.56}, "CANBK": {"perc_high": 14.678044996121026, "PE_ratio": 6.18}, "ICICIPRULI": {"perc_high": 4.172941767068274, "PE_ratio": 283.12}, "JINDALSTEL": {"perc_high": 7.069279854147672, "PE_ratio": 18.97}, "IDBI": {"perc_high": 19.184430027803522, "PE_ratio": 14.96}, "SBICARD": {"perc_low": 20.379658924299708, "PE_ratio": 30.55}, "SRF": {"perc_low": 19.774282626966023, "PE_ratio": 60.26}, "IRCTC": {"perc_high": 19.19834928439723, "PE_ratio": 62.45}, "MARICO": {"perc_high": 3.9943938332165385, "PE_ratio": 58.47}, "BERGEPAINT": {"perc_high": 3.4710087370929346, "PE_ratio": 64.58}, "ZYDUSLIFE": {"perc_high": 19.802914747413727, "PE_ratio": 25.71}, "ICICIGI": {"perc_high": 6.792215126634515, "PE_ratio": 98.08}, "MOTHERSON": {"perc_high": 3.5301165952348015, "PE_ratio": 46.02}, "CGPOWER": {"perc_high": 8.411100196463654, "PE_ratio": 129.63}, "TIINDIA": {"perc_high": 9.294700642928843, "PE_ratio": 69.3}, "COLPAL": {"perc_high": 3.511568123393314, "PE_ratio": 73.18}, "HDFCAMC": {"perc_high": 5.377018169020277, "PE_ratio": 44.39}, "BHEL": {"perc_high": 16.803339794244824, "PE_ratio": 0}, "JSWENERGY": {"perc_high": 11.529382531991546, "PE_ratio": 65.69}, "MAXHEALTH": {"perc_high": 13.653846153846153, "PE_ratio": 90.93}, "NAUKRI": {"perc_high": 1.4496964414340796, "PE_ratio": 119.3}, "NHPC": {"perc_high": 20.10135135135136, "PE_ratio": 23.63}, "BOSCHLTD": {"perc_high": 1.3879030589393933, "PE_ratio": 58.57}, "IDFCFIRSTB": {"perc_low": 6.630697146102495, "PE_ratio": 19.5}, "AUROPHARMA": {"perc_high": 11.620603015075377, "PE_ratio": 23.57}, "ALKEM": {"perc_high": 6.116554604885164, "PE_ratio": 33.36}, "YESBANK": {"perc_high": 31.93302891933029, "PE_ratio": 48.45}, "INDHOTEL": {"perc_high": 6.1558748004719295, "PE_ratio": 79.55}, "NMDC": {"perc_high": 16.396018858040865, "PE_ratio": 11.8}, "LUPIN": {"perc_high": 5.923442906574387, "PE_ratio": 43.69}, "SOLARINDS": {"perc_high": 14.56497217626711, "PE_ratio": 107.52}, "MUTHOOTFIN": {"perc_high": 6.049308478653036, "PE_ratio": 17.66}, "SUPREMEIND": {"perc_high": 17.956656346749224, "PE_ratio": 67.3}, "BHARATFORG": {"perc_high": 16.076475477971734, "PE_ratio": 73.39}, "PERSISTENT": {"perc_high": 2.5957983870245886, "PE_ratio": 72.53}, "INDIANB": {"perc_high": 17.559664928085983,