{"BAJFINANCE": {"perc_low": 12.234558324444878, "PE_ratio": 29.5}, "KOTAKBANK": {"perc_low": 15.32856171260162, "PE_ratio": 18.99}, "ASIANPAINT": {"perc_low": 10.38163364667991, "PE_ratio": 55.95}, "INDUSINDBK": {"perc_low": 5.38754108046232, "PE_ratio": 12.35}, "SBICARD": {"perc_low": 13.28034570568716, "PE_ratio": 28.75}, "IDFCFIRSTB": {"perc_low": 10.155367231638415, "PE_ratio": 19.72}, "PGHH": {"perc_low": 12.285336856010568, "PE_ratio": 71.99}, "TATAELXSI": {"perc_low": 10.262509358622408, "PE_ratio": 55.08}, "TATATECH": {"perc_low": 2.5197251208959024, "PE_ratio": "NA"}, "AWL": {"perc_low": 15.972708187543727, "PE_ratio": 197.21}, "DALBHARAT": {"perc_low": 9.510112631706427, "PE_ratio": 34.73}, "APLAPOLLO": {"perc_low": 15.697318007662828, "PE_ratio": 56.28}, "DELHIVERY": {"perc_low": 9.246188594014681, "PE_ratio": 0}, "TATACHEM": {"perc_low": 14.673097534833879, "PE_ratio": 21.67}, "KANSAINER": {"perc_low": 8.814770696843366, "PE_ratio": 32.83}, "ZEEL": {"perc_low": 8.605577689243036, "PE_ratio": 229.48}, "CREDITACC": {"perc_low": 9.990757079237047, "PE_ratio": 13.51}, "RAMCOCEM": {"perc_low": 14.135714285714293, "PE_ratio": 46.84}, "RELAXO": {"perc_low": 11.045169798878998, "PE_ratio": 102.09}, "ASTERDM": {"perc_low": 12.994734160013587, "PE_ratio": 0}, "IDFC": {"perc_low": 10.714285714285714, "PE_ratio": 572.42}}