{"BAJFINANCE": {"perc_low": 7.469536830537506, "PE_ratio": 27.9}, "BAJAJFINSV": {"perc_low": 13.103837074098873, "PE_ratio": 16.11}, "INDUSINDBK": {"perc_low": 3.112883571507706, "PE_ratio": 12.12}, "SHREECEM": {"perc_low": 15.346467101616144, "PE_ratio": 41.1}, "SBICARD": {"perc_low": 10.023921598888792, "PE_ratio": 28.21}, "IDFCFIRSTB": {"perc_low": 3.672316384180803, "PE_ratio": 19.48}, "PGHH": {"perc_low": 12.41129487217554, "PE_ratio": 74.75}, "TATAELXSI": {"perc_low": 7.156226603443976, "PE_ratio": 54.66}, "AUBANK": {"perc_low": 15.206790680874105, "PE_ratio": 27.66}, "TATATECH": {"perc_low": 1.5874652097721862, "PE_ratio": "NA"}, "DALBHARAT": {"perc_low": 8.2929635460821, "PE_ratio": 35.27}, "APLAPOLLO": {"perc_low": 11.724137931034482, "PE_ratio": 55.8}, "POONAWALLA": {"perc_low": 5.724055902468034, "PE_ratio": 23.08}, "ZEEL": {"perc_low": 11.553784860557768, "PE_ratio": 32.62}, "CREDITACC": {"perc_low": 8.306024703806415, "PE_ratio": 13.99}, "RELAXO": {"perc_low": 10.656116056709521, "PE_ratio": 111.4}, "IDFC": {"perc_low": 3.540669856459333, "PE_ratio": 720.62}}