{"BAJFINANCE": {"perc_low": 9.085620091147092, "PE_ratio": 28.1}, "BAJAJFINSV": {"perc_low": 14.795109404178856, "PE_ratio": 16.23}, "INDUSINDBK": {"perc_low": 4.423765739817591, "PE_ratio": 12.25}, "SBICARD": {"perc_low": 11.204568253723266, "PE_ratio": 28.45}, "IDFCFIRSTB": {"perc_low": 5.932203389830513, "PE_ratio": 19.76}, "PGHH": {"perc_low": 14.789631521125928, "PE_ratio": 73.23}, "TATAELXSI": {"perc_low": 8.248065884701775, "PE_ratio": 54.91}, "TATATECH": {"perc_low": 1.5220157800967213, "PE_ratio": "NA"}, "DALBHARAT": {"perc_low": 10.330628557587495, "PE_ratio": 35.56}, "APLAPOLLO": {"perc_low": 14.559386973180077, "PE_ratio": 55.93}, "POONAWALLA": {"perc_low": 8.489443948855193, "PE_ratio": 22.91}, "ZEEL": {"perc_low": 15.912350597609562, "PE_ratio": 32.41}, "CREDITACC": {"perc_low": 11.045290311738514, "PE_ratio": 14.1}, "RELAXO": {"perc_low": 12.146389713155296, "PE_ratio": 111.99}, "IDFC": {"perc_low": 5.161904761904763, "PE_ratio": 734.31}}