{
    "HINDUNILVR": {
        "perc_low": 2.5044802867383553
    },
    "HINDZINC": {
        "perc_low": 4.058327477160911
    },
    "DABUR": {
        "perc_low": 4.437605479996034
    },
    "SBICARD": {
        "perc_low": 2.518780380026517
    },
    "AUBANK": {
        "perc_low": 3.529945553539028
    },
    "TATATECH": {
        "perc_low": 1.7892156862745097
    },
    "UPL": {
        "perc_low": 2.6574363555158502
    },
    "PAGEIND": {
        "perc_low": 4.626391553686786
    },
    "ZEEL": {
        "perc_low": 4.818840579710149
    },
    "BATAINDIA": {
        "perc_low": 1.6986870410207027
    },
    "ATUL": {
        "perc_low": 1.5820244328097668
    },
    "SUMICHEM": {
        "perc_low": 3.838143409699487
    }
}