{"BAJFINANCE": {"perc_low": 14.903519829341604, "PE_ratio": 30.47}, "ASIANPAINT": {"perc_low": 11.606306879892141, "PE_ratio": 55.9}, "TITAN": {"perc_low": 13.757393883675354, "PE_ratio": 82.87}, "INDUSINDBK": {"perc_low": 7.233853993574835, "PE_ratio": 12.64}, "SBICARD": {"perc_low": 13.581294852997916, "PE_ratio": 28.97}, "IDFCFIRSTB": {"perc_low": 9.999999999999998, "PE_ratio": 19.76}, "PGHH": {"perc_low": 12.305151915455745, "PE_ratio": 74.01}, "TATAELXSI": {"perc_low": 10.352196156725729, "PE_ratio": 55.63}, "AUBANK": {"perc_low": 14.746252483294198, "PE_ratio": 29.45}, "TATATECH": {"perc_low": 2.397556630185793, "PE_ratio": "NA"}, "AWL": {"perc_low": 14.310706787963603, "PE_ratio": 197.43}, "BANDHANBNK": {"perc_low": 15.81436594738398, "PE_ratio": 20.92}, "DELHIVERY": {"perc_low": 8.102766798418969, "PE_ratio": 0}, "TATACHEM": {"perc_low": 13.799571275455518, "PE_ratio": 21.53}, "KANSAINER": {"perc_low": 9.708159618820734, "PE_ratio": 33.28}, "ZEEL": {"perc_low": 14.741035856573706, "PE_ratio": 243.07}, "CREDITACC": {"perc_low": 9.646248214435778, "PE_ratio": 13.83}, "RAMCOCEM": {"perc_low": 12.142857142857142, "PE_ratio": 47.01}, "RELAXO": {"perc_low": 10.220903395977581, "PE_ratio": 103.1}, "ASTERDM": {"perc_low": 13.13062680482418, "PE_ratio": 0}, "IDFC": {"perc_low": 10.466666666666661, "PE_ratio": 571.78}}