{"BAJFINANCE": {"perc_low": 7.387924625876718, "PE_ratio": 27.42}, "ASIANPAINT": {"perc_low": 14.5949589903, "PE_ratio": 58.22}, "TITAN": {"perc_low": 14.328167760783057, "PE_ratio": 85.35}, "BAJAJFINSV": {"perc_low": 10.566928578978898, "PE_ratio": 15.47}, "INDUSINDBK": {"perc_low": 3.1936503159795397, "PE_ratio": 11.66}, "SHREECEM": {"perc_low": 4.512600741972624, "PE_ratio": 41.88}, "SBICARD": {"perc_low": 9.205957249787788, "PE_ratio": 27.64}, "IDFCFIRSTB": {"perc_low": 2.3163841807909615, "PE_ratio": 18.82}, "PGHH": {"perc_low": 13.489777672205896, "PE_ratio": 74.36}, "TATAELXSI": {"perc_low": 6.60094834040429, "PE_ratio": 54.05}, "AUBANK": {"perc_low": 11.152248510023476, "PE_ratio": 26.46}, "ASTRAL": {"perc_low": 12.586206896551724, "PE_ratio": 95.36}, "TATATECH": {"perc_low": 2.7626017936295177, "PE_ratio": "NA"}, "DALBHARAT": {"perc_low": 5.785999757781273, "PE_ratio": 34.22}, "APLAPOLLO": {"perc_low": 10.66666666666667, "PE_ratio": 54.33}, "POONAWALLA": {"perc_low": 8.459708593517687, "PE_ratio": 23.14}, "TATACHEM": {"perc_low": 12.540192926045016, "PE_ratio": 33.11}, "ZEEL": {"perc_low": 9.641434262948202, "PE_ratio": 31.11}, "CREDITACC": {"perc_low": 5.369296697756499, "PE_ratio": 13.28}, "CYIENT": {"perc_low": 11.428571428571429, "PE_ratio": 25.57}, "RAMCOCEM": {"perc_low": 14.835714285714289, "PE_ratio": 54.15}, "RELAXO": {"perc_low": 8.077810748433894, "PE_ratio": 107.71}, "BATAINDIA": {"perc_low": 12.28920409771474, "PE_ratio": 73.14}, "IDFC": {"perc_low": 3.7224880382775125, "PE_ratio": 711.3}}