{"NESTLEIND": {"perc_low": 2.4594246814162966, "PE_ratio": 95.63}, "LTIM": {"perc_low": 4.917314642426898, "PE_ratio": 30.82}, "CANBK": {"perc_low": 3.0411449016100227, "PE_ratio": 6.47}, "BERGEPAINT": {"perc_low": 3.2845188284518803, "PE_ratio": 50.55}, "TATATECH": {"perc_low": 4.82587064676617, "PE_ratio": "NA"}, "RAMCOCEM": {"perc_low": 4.880511612251767, "PE_ratio": 43.87}}