{"KIMS": {"perc_high": 9.38009787928222, "PE_ratio": 67.81}, "GNFC": {"perc_low": 8.270385434824725, "PE_ratio": 18.53}, "BIRLACORPN": {"perc_low": 7.873758799123588, "PE_ratio": 29.64}, "GRINFRA": {"perc_low": 9.27888792354474, "PE_ratio": 13.35}, "RAJESHEXPO": {"perc_low": 3.6803076078000485, "PE_ratio": 143.14}, "GRAPHITE": {"perc_low": 5.807860262008738, "PE_ratio": 20.23}, "ALOKINDS": {"perc_low": 7.583474816072437, "PE_ratio": 0}, "CHENNPETRO": {"perc_low": 5.23210070810386, "PE_ratio": 25.35}, "CANFINHOME": {"perc_low": 3.040514066295759, "PE_ratio": 10.57}, "SWSOLAR": {"perc_low": 4.138720759038127, "PE_ratio": 233.68}, "RENUKA": {"perc_low": 9.444444444444434, "PE_ratio": 0}, "ROUTE": {"perc_low": 7.236318627884374, "PE_ratio": 20.91}, "JKTYRE": {"perc_low": 5.116050997057873, "PE_ratio": 11.27}, "ENGINERSIN": {"perc_low": 9.262402088772845, "PE_ratio": 34.04}, "JPPOWER": {"perc_low": 5.993031358885026, "PE_ratio": 7.05}, "SPARC": {"perc_low": 2.609881191975596, "PE_ratio": 0}, "PRSMJOHNSN": {"perc_low": 6.954813359528483, "PE_ratio": 0}, "ESABINDIA": {"perc_low": 9.609307359307355, "PE_ratio": 45.32}, "MMTC": {"perc_low": 8.913917940466613, "PE_ratio": 78.1}, "TVSSCS": {"perc_low": 5.312954876273641, "PE_ratio": 108.51}, "MAHLIFE": {"perc_low": 9.720156820332564, "PE_ratio": 0}, "GAEL": {"perc_low": 6.858974358974354, "PE_ratio": 17.08}, "PRINCEPIPE": {"perc_low": 8.36647727272727, "PE_ratio": 32.04}, "RESPONIND": {"perc_low": 5.552173913043483, "PE_ratio": 34.61}, "KTKBANK": {"perc_low": 4.4621834261758515, "PE_ratio": 5.33}, "SPANDANA": {"perc_low": 9.979494190020501, "PE_ratio": 0}, "INOXINDIA": {"perc_low": 5.65482922415743, "PE_ratio": 42.71}, "LXCHEM": {"perc_low": 6.347759332117849, "PE_ratio": 44.79}, "TMB": {"perc_low": 6.08706051183927, "PE_ratio": 6.06}, "ALLCARGO": {"perc_low": 3.7279596977329894, "PE_ratio": 65.93}, "MIDHANI": {"perc_low": 4.489795918367343, "PE_ratio": 63.83}, "DBREALTY": {"perc_low": 4.683417085427142, "PE_ratio": 24.59}, "RUSTOMJEE": {"perc_low": 9.384190357365672, "PE_ratio": 55.49}, "CSBBANK": {"perc_low": 5.908854617917176, "PE_ratio": 9.55}, "GMMPFAUDLR": {"perc_low": 8.500675371454308, "PE_ratio": 53.61}, "EASEMYTRIP": {"perc_low": 9.20152091254752, "PE_ratio": 31.93}, "JLHL": {"perc_high": 6.449816849816847, "PE_ratio": 57.29}, "ROLEXRINGS": {"perc_low": 8.833213601532563, "PE_ratio": 27.4}, "MTARTECH": {"perc_low": 9.527210884353739, "PE_ratio": 128.32}, "VRLLOG": {"perc_low": 8.22945521698985, "PE_ratio": 48.43}, "RSYSTEMS": {"perc_low": 8.741348372212245, "PE_ratio": 36.3}, "BLUEJET": {"perc_high": 4.881582262534644, "PE_ratio": 55.92}, "WOCKPHARMA": {"perc_high": 6.626838235294123, "PE_ratio": 0}, "SHAREINDIA": {"perc_low": 7.587592055344788, "PE_ratio": 12.36}, "INFIBEAM": {"perc_low": 8.564593301435421, "PE_ratio": 31.04}, "UTKARSHBNK": {"perc_low": 9.551585854903394, "PE_ratio": 7.15}, "AVANTIFEED": {"perc_high": 9.041614123581343, "PE_ratio": 21.79}, "GUJALKALI": {"perc_low": 6.0852713178294575, "PE_ratio": 0}, "SUPRAJIT": {"perc_low": 9.618484685652879, "PE_ratio": 39.91}, "CYIENTDLM": {"perc_low": 9.861019192587687, "PE_ratio": 65.55}, "TCIEXP": {"perc_low": 9.008321775312073, "PE_ratio": 26.98}, "GATEWAY": {"perc_low": 4.693877551020412, "PE_ratio": 16.78}, "HCG": {"perc_high": 9.186189889025908, "PE_ratio": 122.42}, "FEDFINA": {"perc_low": 9.20573509330906, "PE_ratio": 16.04}}