{"CROMPTON": {"perc_high": 3.698347107438012, "PE_ratio": 63.76}, "CHOLAHLDNG": {"perc_high": 4.708840656431977, "PE_ratio": 8.14}, "MOTILALOFS": {"perc_high": 6.1814123628247275, "PE_ratio": 16.54}, "SUVENPHAR": {"perc_high": 4.602510460251046, "PE_ratio": 121.87}, "PPLPHARMA": {"perc_high": 4.2280701754385905, "PE_ratio": 0}, "AFFLE": {"perc_high": 5.830903790087463, "PE_ratio": 71.92}, "CIEINDIA": {"perc_high": 8.322622107969146, "PE_ratio": 26.89}, "CASTROLIND": {"perc_high": 6.768635724331927, "PE_ratio": 29.93}, "PFIZER": {"perc_high": 4.7673670585864425, "PE_ratio": 46.73}, "JYOTHYLAB": {"perc_high": 7.0856853989384225, "PE_ratio": 54.29}, "WHIRLPOOL": {"perc_high": 3.9473684210526314, "PE_ratio": 92.53}, "GSPL": {"perc_high": 4.7264211198637405, "PE_ratio": 11.63}, "CENTURYPLY": {"perc_high": 5.232489699823431, "PE_ratio": 64.83}, "RBLBANK": {"perc_low": 5.9683313032886725, "PE_ratio": 10.15}, "INDIAMART": {"perc_high": 9.980255164034027, "PE_ratio": 44.76}, "INOXWIND": {"perc_high": 7.105485232067512, "PE_ratio": 394.16}, "DCMSHRIRAM": {"perc_high": 7.764462809917359, "PE_ratio": 35.84}, "SHYAMMETL": {"perc_high": 4.07341622261693, "PE_ratio": 21}, "KIMS": {"perc_high": 3.080920564216778, "PE_ratio": 62.19}, "TVSHLTD": {"perc_high": 6.710807204803207, "PE_ratio": 14.4}, "CONCORDBIO": {"perc_high": 4.087335788346523, "PE_ratio": 61.66}, "KEC": {"perc_high": 4.173076923076921, "PE_ratio": 64.78}, "IEX": {"perc_high": 2.3905325443787038, "PE_ratio": 52.06}, "NATCOPHARM": {"perc_high": 4.130162703379224, "PE_ratio": 17.03}, "LAXMIMACH": {"perc_high": 9.801816889258557, "PE_ratio": 58.74}, "CHALET": {"perc_high": 7.500000000000003, "PE_ratio": 78.49}, "WELCORP": {"perc_high": 8.639999999999993, "PE_ratio": 20.32}, "HONASA": {"perc_high": 2.3665893271461718, "PE_ratio": 134.79}, "POLYMED": {"perc_high": 4.99143899352341, "PE_ratio": 97.37}, "ASAHIINDIA": {"perc_high": 6.627423822714684, "PE_ratio": 56.57}, "ZENSARTECH": {"perc_high": 7.248362120309711, "PE_ratio": 27.15}, "ASTRAZEN": {"perc_high": 9.205382847785321, "PE_ratio": 94.32}, "BIKAJI": {"perc_high": 4.319378985306354, "PE_ratio": 78.79}, "HSCL": {"perc_high": 5.188848920863314, "PE_ratio": 59.34}, "KARURVYSYA": {"perc_high": 6.010741138560691, "PE_ratio": 10.36}, "ABSLAMC": {"perc_high": 5.612903225806452, "PE_ratio": 25.87}, "CENTURYTEX": {"perc_high": 7.138613861386138, "PE_ratio": 101.75}, "BLS": {"perc_high": 3.8619201725997794, "PE_ratio": 49.9}, "JINDALSAW": {"perc_high": 3.998618784530393, "PE_ratio": 12.97}, "RKFORGE": {"perc_high": 4.366725943489434, "PE_ratio": 51.98}, "FSL": {"perc_high": 8.94155277697005, "PE_ratio": 42.52}, "NUVAMA": {"perc_high": 5.274067417033279, "PE_ratio": 32.83}, "ECLERX": {"perc_high": 2.8380634390651087, "PE_ratio": 26.7}, "ERIS": {"perc_high": 3.8960612332052134, "PE_ratio": 50.57}, "SIGNATURE": {"perc_high": 9.142857142857142, "PE_ratio": 377.69}, "AAVAS": {"perc_high": 6.511028575759879, "PE_ratio": 28.35}, "HFCL": {"perc_high": 4.643346196937637, "PE_ratio": 61.12}, "AKZOINDIA": {"perc_high": 4.93993385534451, "PE_ratio": 38.93}, "MGL": {"perc_high": 3.6058886593625004, "PE_ratio": 15.49}, "KPIL": {"perc_high": 3.4161490683229814, "PE_ratio": 46.66}, "CRAFTSMAN": {"perc_high": 5.4433989804854965, "PE_ratio": 48.16}, "ANURAS": {"perc_low": 7.7179344808439785, "PE_ratio": 66.09}, "CUB": {"perc_high": 5.83078837235607, "PE_ratio": 12.03}, "UTIAMC": {"perc_high": 4.617134192570136, "PE_ratio": 19.18}, "BBTC": {"perc_high": 5.0018024513338135, "PE_ratio": 9.15}, "NEWGEN": {"perc_high": 6.988201737326603, "PE_ratio": 56.47}, "GODFRYPHLP": {"perc_high": 7.468722723305203, "PE_ratio": 46.28}, "ANANDRATHI": {"perc_high": 9.55243665624019, "PE_ratio": 66.29}, "ZYDUSWELL": {"perc_high": 9.420289855072465, "PE_ratio": 47.43}, "AMBER": {"perc_high": 7.175736497545008, "PE_ratio": 90.17}, "SPLPETRO": {"perc_high": 6.647960284912586, "PE_ratio": 40.68}, "CANFINHOME": {"perc_high": 7.675906183368871, "PE_ratio": 15.38}, "CAPLIPOINT": {"perc_high": 3.6501760237168877, "PE_ratio": 33.43}, "PRAJIND": {"perc_high": 9.404022387600719, "PE_ratio": 48.46}, "TTKPRESTIG": {"perc_high": 9.751219512195126, "PE_ratio": 58.65}, "EIDPARRY": {"perc_high": 4.685714285714285, "PE_ratio": 9.55}, "GALAXYSURF": {"perc_high": 8.358660245320367, "PE_ratio": 33.78}, "GRANULES": {"perc_high": 3.6061026352288486, "PE_ratio": 34.39}, "CEATLTD": {"perc_high": 6.8202050842428, "PE_ratio": 17.8}, "HAPPYFORGE": {"perc_high": 9.604215546751808, "PE_ratio": "NA"}, "ANANTRAJ": {"perc_high": 4.373086284054333, "PE_ratio": 69.81}, "KIRLOSENG": {"perc_high": 9.468965517241376, "PE_ratio": 40.56}, "JMFINANCIL": {"perc_high": 9.339016001196358, "PE_ratio": 11.84}, "PCBL": {"perc_high": 6.641000962463909, "PE_ratio": 37.11}, "SAFARI": {"perc_high": 3.2577023194374255, "PE_ratio": 71.24}, "PRSMJOHNSN": {"perc_high": 9.84422110552764, "PE_ratio": 0}, "SARDAEN": {"perc_high": 5.665492003252908, "PE_ratio": 23.78}, "JUBLPHARMA": {"perc_high": 3.5983091040313413, "PE_ratio": 58.5}, "METROPOLIS": {"perc_high": 2.315544289922599, "PE_ratio": 79.88}, "DEEPAKFERT": {"perc_high": 6.979537366548047, "PE_ratio": 24.9}, "MAHSCOOTER": {"perc_high": 3.41190824792581, "PE_ratio": 56.51}, "BALRAMCHIN": {"perc_high": 8.776000000000003, "PE_ratio": 23.53}, "HOMEFIRST": {"perc_high": 3.5355399696484895, "PE_ratio": 32.36}, "PRINCEPIPE": {"perc_low": 9.695981586266415, "PE_ratio": 36.12}, "PGHL": {"perc_high": 8.024313954827795, "PE_ratio": 41.11}, "PTCIL": {"perc_high": 9.629922112328925, "PE_ratio": 597.08}, "JUBLINGREA": {"perc_high": 5.873552751398477, "PE_ratio": 67.63}, "GLS": {"perc_high": 6.180257510729613, "PE_ratio": 29.97}, "SPANDANA": {"perc_low": 6.412552229896823, "PE_ratio": 9.95}, "INDIACEM": {"perc_high": 5.714285714285714, "PE_ratio": 0}, "LXCHEM": {"perc_high": 7.150646518149241, "PE_ratio": 71.63}, "QUESS": {"perc_high": 6.43079270081558, "PE_ratio": 34.53}, "DOMS": {"perc_high": 3.8273195876288595, "PE_ratio": "NA"}, "SHOPERSTOP": {"perc_high": 9.782608695652174, "PE_ratio": 196.12}, "TRIVENI": {"perc_high": 4.948347107438014, "PE_ratio": 28.86}, "GPPL": {"perc_high": 9.90466312976185, "PE_ratio": 28.03}, "EDELWEISS": {"perc_high": 7.0432692307692255, "PE_ratio": 21.71}, "MARKSANS": {"perc_high": 4.556871187656975, "PE_ratio": 35.19}, "VESUVIUS": {"perc_high": 7.666257497801808, "PE_ratio": 42.45}, "CSBBANK": {"perc_low": 3.1119666345845327, "PE_ratio": 10.09}, "INDIGOPNTS": {"perc_high": 9.470404984423677, "PE_ratio": 50.97}, "LTFOODS": {"perc_high": 3.4153331741103443, "PE_ratio": 25.35}, "RELIGARE": {"perc_high": 2.356020942408377, "PE_ratio": 93.18}, "VIJAYA": {"perc_high": 3.756476683937824, "PE_ratio": 76.98}, "ROLEXRINGS": {"perc_high": 9.359979762205919, "PE_ratio": 35.45}, "ARVIND": {"perc_high": 5.055779729408974, "PE_ratio": 32.19}, "NEULANDLAB": {"perc_high": 4.437402149496665, "PE_ratio": 51.15}, "SIS": {"perc_low": 5.063613231552157, "PE_ratio": 42.3}, "ELECTCAST": {"perc_high": 6.477072310405642, "PE_ratio": 15.1}, "VOLTAMP": {"perc_high": 6.317567567567567, "PE_ratio": 59.8}, "BECTORFOOD": {"perc_high": 2.9548156956004785, "PE_ratio": 67.37}, "IWEL": {"perc_high": 8.412647201161477, "PE_ratio": 514.78}, "FDC": {"perc_high": 3.3506493506493547, "PE_ratio": 29.04}, "EPL": {"perc_high": 4.305555555555545, "PE_ratio": 35.68}, "SHRIPISTON": {"perc_high": 4.054202688136547, "PE_ratio": 21.3}, "NAVA": {"perc_high": 3.7733071638861673, "PE_ratio": 11.27}, "HNDFDS": {"perc_high": 8.405429002301776, "PE_ratio": 67.9}, "NESCO": {"perc_high": 4.302093718843468, "PE_ratio": 18.91}, "PGEL": {"perc_high": 4.253611556982344, "PE_ratio": 82}, "ICIL": {"perc_high": 6.801287029845773, "PE_ratio": 24.55}, "WOCKPHARMA": {"perc_high": 2.8878564270747966, "PE_ratio": 0}, "INDIASHLTR": {"perc_high": 4.297759879184492, "PE_ratio": "NA"}, "STAR": {"perc_high": 3.4565685570710762, "PE_ratio": 42.94}, "UTKARSHBNK": {"perc_low": 9.810479375696763, "PE_ratio": 10.25},