{"NAVINFLUOR": {"perc_low": 4.178467895105131}, "VINATIORGA": {"perc_low": 3.524036054081133}, "TVSSCS": {"perc_low": 2.7854384997242043}, "DEEPAKFERT": {"perc_low": 3.8666264939238726}, "GMMPFAUDLR": {"perc_low": 4.616815476190473}, "FEDFINA": {"perc_low": 3.4524287434765135}}