{"TRIDENT": {"perc_low": 5.432098765432094, "PE_ratio": 52.06}, "SUVENPHAR": {"perc_high": 4.615384615384616, "PE_ratio": 135.18}, "WHIRLPOOL": {"perc_high": 4.853655549659128, "PE_ratio": 97.22}, "CENTURYPLY": {"perc_high": 6.930481283422455, "PE_ratio": 71.02}, "RBLBANK": {"perc_low": 7.442392154503342, "PE_ratio": 8.98}, "KAYNES": {"perc_high": 9.209891792654764, "PE_ratio": 172.66}, "CGCL": {"perc_low": 5.447194448997431, "PE_ratio": 40.7}, "KIMS": {"perc_high": 9.982758620689651, "PE_ratio": 63.23}, "TANLA": {"perc_low": 6.428851430811452, "PE_ratio": 20.09}, "POLYMED": {"perc_high": 8.620561304250723, "PE_ratio": 92.83}, "HAPPSTMNDS": {"perc_low": 7.719298245614041, "PE_ratio": 51.94}, "KARURVYSYA": {"perc_high": 7.626208378088077, "PE_ratio": 9.98}, "J&KBANK": {"perc_low": 5.468924036533745, "PE_ratio": 5.61}, "SFL": {"perc_low": 2.838633686690226, "PE_ratio": 68.14}, "MAHSEAMLES": {"perc_low": 5.357927097057532, "PE_ratio": 9.06}, "SYRMA": {"perc_low": 4.364154364154356, "PE_ratio": 60.77}, "EQUITASBNK": {"perc_low": 6.199665704300256, "PE_ratio": 12.49}, "GNFC": {"perc_low": 8.598051673019908, "PE_ratio": 18.25}, "BAJAJELEC": {"perc_low": 5.38925806254954, "PE_ratio": 78.19}, "ANURAS": {"perc_low": 4.087056457405535, "PE_ratio": 62.56}, "UJJIVANSFB": {"perc_low": 5.42317173377158, "PE_ratio": 5.91}, "BIRLACORPN": {"perc_low": 6.428791141187336, "PE_ratio": 24.01}, "CUB": {"perc_high": 8.873430607397353, "PE_ratio": 10.55}, "UTIAMC": {"perc_high": 9.604351389613283, "PE_ratio": 19.32}, "ANANDRATHI": {"perc_high": 8.577133728890916, "PE_ratio": 65}, "RAJESHEXPO": {"perc_low": 6.072796934865909, "PE_ratio": 212.23}, "SPARC": {"perc_low": 7.557368689444158, "PE_ratio": 0}, "METROPOLIS": {"perc_high": 8.251736185998368, "PE_ratio": 81.06}, "MAHSCOOTER": {"perc_high": 9.088598686268377, "PE_ratio": 91.69}, "MAHLIFE": {"perc_low": 7.452631578947363, "PE_ratio": 0}, "GAEL": {"perc_low": 9.964175622760983, "PE_ratio": 17.14}, "PGHL": {"perc_high": 9.854063106408999, "PE_ratio": 40.82}, "PRINCEPIPE": {"perc_low": 3.059365109811054, "PE_ratio": 34.22}, "SPANDANA": {"perc_low": 4.728850325379612, "PE_ratio": 7.85}, "INDIACEM": {"perc_high": 6.766233766233769, "PE_ratio": 0}, "TMB": {"perc_low": 1.9587389893370526, "PE_ratio": 6.31}, "ALLCARGO": {"perc_low": 4.89510489510489, "PE_ratio": 108.75}, "MIDHANI": {"perc_low": 7.692307692307682, "PE_ratio": 87.2}, "MHRIL": {"perc_low": 9.015097052480236, "PE_ratio": 62.37}, "VESUVIUS": {"perc_high": 9.834139023170525, "PE_ratio": 46.19}, "CSBBANK": {"perc_low": 4.374261104543147, "PE_ratio": 9.71}, "EASEMYTRIP": {"perc_low": 5.8784456991032865, "PE_ratio": 31.47}, "INDIGOPNTS": {"perc_high": 4.464285714285714, "PE_ratio": 54.73}, "MTARTECH": {"perc_low": 7.741935483870968, "PE_ratio": 127.53}, "SIS": {"perc_low": 2.815271885846507, "PE_ratio": 41.69}, "VAIBHAVGBL": {"perc_low": 9.899105273177234, "PE_ratio": 36.43}, "REDTAPE": {"perc_high": 7.487179487179488, "PE_ratio": 82.73}, "EPL": {"perc_high": 8.186080057699249, "PE_ratio": 37.46}, "CMSINFO": {"perc_high": 8.621248986212485, "PE_ratio": 26.81}, "STAR": {"perc_high": 8.901492537313427, "PE_ratio": 52.31}, "UTKARSHBNK": {"perc_low": 6.4092858945243485, "PE_ratio": 8.77}, "FUSION": {"perc_low": 8.307692307692301, "PE_ratio": 5.84}, "TCIEXP": {"perc_low": 2.3751064789296916, "PE_ratio": 31.99}, "DODLA": {"perc_high": 6.604264170566814, "PE_ratio": 39.53}, "GATEWAY": {"perc_low": 4.4994512864284815, "PE_ratio": 17.82}, "FEDFINA": {"perc_low": 2.2510421491431147, "PE_ratio": 15.53}}