{"EQUITASBNK": {"perc_low": 2.8856964397251748, "PE_ratio": 14.4}, "SPANDANA": {"perc_low": 4.314641744548293, "PE_ratio": 10.94}, "TMB": {"perc_low": 4.3636363636363615, "PE_ratio": 6.57}}