{"CLEAN": {"perc_low": 3.6564359536486095, "PE_ratio": 54.85}, "SFL": {"perc_low": 3.1857720649343455, "PE_ratio": 54.28}, "TTKPRESTIG": {"perc_low": 5.397897897897905, "PE_ratio": 42.91}, "CCL": {"perc_low": 4.869984809221696, "PE_ratio": 28.87}, "PGHL": {"perc_low": 4.492896174863392, "PE_ratio": 34.57}}