{"CHOLAHLDNG": {"perc_high": 5.714749762175451, "PE_ratio": 9.13}, "BLUESTARCO": {"perc_high": 7.7083948989566125, "PE_ratio": 85.01}, "PPLPHARMA": {"perc_high": 6.717488421656631, "PE_ratio": 0}, "AFFLE": {"perc_high": 7.871720116618077, "PE_ratio": 70.16}, "JYOTHYLAB": {"perc_high": 8.282285810187132, "PE_ratio": 54.68}, "RRKABEL": {"perc_high": 9.303609453455666, "PE_ratio": 68.2}, "CESC": {"perc_high": 5.807332109746342, "PE_ratio": 22.11}, "WHIRLPOOL": {"perc_high": 3.4090909090909163, "PE_ratio": 94.74}, "GSPL": {"perc_high": 9.814775388545874, "PE_ratio": 10.74}, "CENTURYPLY": {"perc_high": 6.374331550802141, "PE_ratio": 70.9}, "RBLBANK": {"perc_low": 1.3810110974106098, "PE_ratio": 9.61}, "KAYNES": {"perc_high": 8.123924268502583, "PE_ratio": 165.75}, "CLEAN": {"perc_high": 7.337278106508875, "PE_ratio": 66.74}, "INDIAMART": {"perc_high": 7.452163581790892, "PE_ratio": 43.62}, "SHYAMMETL": {"perc_high": 6.876371616678854, "PE_ratio": 22.96}, "KIMS": {"perc_high": 4.9310344827586245, "PE_ratio": 64.59}, "CHAMBLFERT": {"perc_high": 7.547662575084882, "PE_ratio": 16.63}, "KEC": {"perc_high": 3.9232209737827803, "PE_ratio": 70.52}, "TVSHLTD": {"perc_high": 8.511341077922644, "PE_ratio": 14.57}, "APLLTD": {"perc_high": 7.7707303786139645, "PE_ratio": 37.59}, "LAXMIMACH": {"perc_high": 5.9268383511415434, "PE_ratio": 67.65}, "WELCORP": {"perc_high": 8.134633532557405, "PE_ratio": 22.3}, "CHALET": {"perc_high": 9.56680584551148, "PE_ratio": 76.76}, "ASAHIINDIA": {"perc_high": 7.848192337670129, "PE_ratio": 65.27}, "ASTRAZEN": {"perc_high": 5.0691244239631335, "PE_ratio": 109.12}, "BIKAJI": {"perc_high": 8.556972072027381, "PE_ratio": 82.39}, "HAPPSTMNDS": {"perc_low": 9.770580296896084, "PE_ratio": 53.26}, "HSCL": {"perc_high": 5.510381878902286, "PE_ratio": 73.01}, "KARURVYSYA": {"perc_high": 8.751879699248121, "PE_ratio": 10.13}, "ABSLAMC": {"perc_high": 7.664516129032255, "PE_ratio": 24.93}, "SFL": {"perc_low": 8.899297423887589, "PE_ratio": 71.91}, "CENTURYTEX": {"perc_high": 3.1143046876330205, "PE_ratio": 122.34}, "JINDALSAW": {"perc_high": 3.559678905119089, "PE_ratio": 13.51}, "RKFORGE": {"perc_high": 4.082025608934253, "PE_ratio": 52.99}, "CAMS": {"perc_high": 9.979633401221996, "PE_ratio": 56.85}, "WESTLIFE": {"perc_high": 7.979896404943849, "PE_ratio": 336.86}, "ECLERX": {"perc_high": 3.9448364336112896, "PE_ratio": 27.65}, "NUVAMA": {"perc_high": 8.028169014084508, "PE_ratio": 33.57}, "SIGNATURE": {"perc_high": 3.415300546448088, "PE_ratio": 411.83}, "AAVAS": {"perc_high": 8.155840218297586, "PE_ratio": 28.36}, "EQUITASBNK": {"perc_low": 4.892761394101885, "PE_ratio": 13.88}, "MGL": {"perc_high": 3.7701207243460786, "PE_ratio": 16.02}, "AKZOINDIA": {"perc_high": 5.946490399748193, "PE_ratio": 39.84}, "KPIL": {"perc_high": 6.897860593512771, "PE_ratio": 45.61}, "UJJIVANSFB": {"perc_low": 2.5062656641604013, "PE_ratio": 6.21}, "GRINFRA": {"perc_high": 9.034946236559136, "PE_ratio": 17.44}, "ANURAS": {"perc_low": 8.189894503053859, "PE_ratio": 63.54}, "CUB": {"perc_high": 8.03076575048071, "PE_ratio": 11.53}, "UTIAMC": {"perc_high": 9.541387024608504, "PE_ratio": 18.77}, "BBTC": {"perc_high": 3.361344537815126, "PE_ratio": 9.74}, "SPLPETRO": {"perc_high": 6.669544571551918, "PE_ratio": 40.83}, "ELECON": {"perc_high": 3.8274520700194437, "PE_ratio": 45.14}, "CANFINHOME": {"perc_high": 5.799842395587081, "PE_ratio": 15.49}, "PRAJIND": {"perc_high": 6.429176242893442, "PE_ratio": 51.4}, "RENUKA": {"perc_high": 5.115044247787612, "PE_ratio": 0}, "EIDPARRY": {"perc_high": 2.6213592233009764, "PE_ratio": 9.78}, "CEATLTD": {"perc_high": 3.4630707937480847, "PE_ratio": 19.42}, "HAPPYFORGE": {"perc_high": 9.381130043463214, "PE_ratio": 59.6}, "ANANTRAJ": {"perc_high": 6.308411214953271, "PE_ratio": 78.75}, "PCBL": {"perc_high": 2.9517453798767965, "PE_ratio": 43.63}, "JMFINANCIL": {"perc_high": 5.347288296860137, "PE_ratio": 14.22}, "SARDAEN": {"perc_high": 7.168113146898102, "PE_ratio": 29.42}, "RPOWER": {"perc_high": 2.8772753963593773, "PE_ratio": 0}, "MINDACORP": {"perc_high": 8.726993865030671, "PE_ratio": 59.71}, "JUBLPHARMA": {"perc_high": 8.270857555225922, "PE_ratio": 71.79}, "METROPOLIS": {"perc_high": 3.5190745319675143, "PE_ratio": 81.64}, "DEEPAKFERT": {"perc_high": 5.660377358490569, "PE_ratio": 24.79}, "CAMPUS": {"perc_high": 9.343909653132563, "PE_ratio": 124.52}, "MAHSCOOTER": {"perc_high": 8.193228026274632, "PE_ratio": 66.93}, "GAEL": {"perc_low": 4.290348742903492, "PE_ratio": 16.64}, "RELINFRA": {"perc_high": 6.467236467236464, "PE_ratio": 0}, "BALRAMCHIN": {"perc_high": 5.3864858890280685, "PE_ratio": 26.01}, "PRINCEPIPE": {"perc_low": 8.746523448738856, "PE_ratio": 35.76}, "PGHL": {"perc_high": 4.263802865573254, "PE_ratio": 42.92}, "JUBLINGREA": {"perc_high": 4.188023502937868, "PE_ratio": 71.06}, "SPANDANA": {"perc_low": 1.2860082304526748, "PE_ratio": 9.55}, "INDIACEM": {"perc_high": 5.714285714285714, "PE_ratio": 0}, "TMB": {"perc_low": 7.88722748544687, "PE_ratio": 6.79}, "TEGA": {"perc_high": 9.014963512617019, "PE_ratio": 60.98}, "TRIVENI": {"perc_high": 8.301158301158301, "PE_ratio": 29.05}, "EDELWEISS": {"perc_high": 6.445406445406442, "PE_ratio": 25.04}, "VESUVIUS": {"perc_high": 9.96832805467578, "PE_ratio": 44.23}, "RUSTOMJEE": {"perc_high": 9.369266780540276, "PE_ratio": 144.13}, "CSBBANK": {"perc_low": 3.09076042518397, "PE_ratio": 9.92}, "EASEMYTRIP": {"perc_low": 5.552165954850519, "PE_ratio": 33.66}, "INDIGOPNTS": {"perc_high": 7.73299748110831, "PE_ratio": 48.28}, "RELIGARE": {"perc_high": 3.3434139784946386, "PE_ratio": 96.81}, "VIJAYA": {"perc_high": 6.534162747180501, "PE_ratio": 77.97}, "GARFIBRES": {"perc_high": 9.905535242621013, "PE_ratio": 38.03}, "MTARTECH": {"perc_low": 9.8125, "PE_ratio": 133.58}, "GOCOLORS": {"perc_high": 4.105696831936352, "PE_ratio": 87.88}, "SIS": {"perc_low": 6.793893129770989, "PE_ratio": 43.55}, "REDTAPE": {"perc_high": 3.3393000432072037, "PE_ratio": 67.44}, "SHRIPISTON": {"perc_high": 9.531054606085872, "PE_ratio": 21.01}, "EPL": {"perc_high": 5.557600294442387, "PE_ratio": 36.01}, "HNDFDS": {"perc_high": 5.011655011655009, "PE_ratio": 79.12}, "NESCO": {"perc_high": 9.21448684338286, "PE_ratio": 18.56}, "SYMPHONY": {"perc_high": 9.589706933523948, "PE_ratio": 51.08}, "BLUEJET": {"perc_high": 8.556971175567005, "PE_ratio": 53.62}, "INDIASHLTR": {"perc_high": 6.23904881101377, "PE_ratio": 36}, "CMSINFO": {"perc_high": 3.636063135278077, "PE_ratio": 27.6}, "STAR": {"perc_high": 4.9550173010380565, "PE_ratio": 44.67}, "UTKARSHBNK": {"perc_low": 2.633340772149073, "PE_ratio": 9.39}, "FUSION": {"perc_low": 2.4269847799259585, "PE_ratio": 7.13}, "JSWHL": {"perc_high": 6.435903081391086, "PE_ratio": 84.65}, "GUJALKALI": {"perc_high": 6.016334982169557, "PE_ratio": 0}, "GABRIEL": {"perc_high": 9.069788222678929, "PE_ratio": 38.14}, "GHCL": {"perc_high": 7.5330214639515685, "PE_ratio": 12.6}, "ICRA": {"perc_high": 3.702757229320783, "PE_ratio": 47.36}, "KESORAMIND": {"perc_high": 3.966733432029951, "PE_ratio": 0}, "SANSERA": {"perc_high": 7.006767900813288, "PE_ratio": 46.96}, "ARVINDFASN": {"perc_high": 5.41820516936908, "PE_ratio": 62.86}, "SENCO": {"perc_high": 4.922279792746114, "PE_ratio": 54.33}, "GATEWAY": {"perc_low": 9.090909090909092, "PE_ratio": 19.13}, "ETHOSLTD": {"perc_high": 4.0738166498815565, "PE_ratio": 135.35}, "HCG": {"perc_high": 3.5743298131600403, "PE_ratio": 120.68}, "FEDFINA": {"perc_low": 9.875862068965514, "PE_ratio": 16.79}}