{"CROMPTON": {"perc_high": 3.087514342338586, "PE_ratio": 63.75}, "PFIZER": {"perc_high": 5.221754161226482, "PE_ratio": 43.96}, "MOTILALOFS": {"perc_high": 3.9074550128534677, "PE_ratio": 16.17}, "SUVENPHAR": {"perc_high": 4.932735426008969, "PE_ratio": 114.01}, "PPLPHARMA": {"perc_high": 4.7803617571059425, "PE_ratio": 0}, "AFFLE": {"perc_high": 4.139941690962099, "PE_ratio": 75.12}, "INOXWIND": {"perc_high": 5.233171555180408, "PE_ratio": 400.26}, "DCMSHRIRAM": {"perc_high": 4.563276883290235, "PE_ratio": 36.35}, "SHYAMMETL": {"perc_high": 3.960923623445831, "PE_ratio": 20.87}, "KIMS": {"perc_high": 2.68024183225348, "PE_ratio": 57.56}, "IEX": {"perc_high": 5.699352911896474, "PE_ratio": 46.99}, "NATCOPHARM": {"perc_high": 2.1672607968705724, "PE_ratio": 17.12}, "WELCORP": {"perc_high": 4.65333333333333, "PE_ratio": 21.22}, "POLYMED": {"perc_high": 5.3716518089063445, "PE_ratio": 88.21}, "WELSPUNLIV": {"perc_high": 3.4641472868217082, "PE_ratio": 27.94}, "BIKAJI": {"perc_high": 5.49720670391062, "PE_ratio": 76.5}, "HSCL": {"perc_high": 2.964060763245647, "PE_ratio": 58.14}, "KARURVYSYA": {"perc_high": 4.438238453276052, "PE_ratio": 10.55}, "JINDALSAW": {"perc_high": 2.676056338028169, "PE_ratio": 12.78}, "BLS": {"perc_high": 4.583808437856334, "PE_ratio": 46.68}, "ERIS": {"perc_high": 2.9984603541185564, "PE_ratio": 44.15}, "HFCL": {"perc_high": 4.206991902034359, "PE_ratio": 56.68}, "CUB": {"perc_high": 5.5197375862458955, "PE_ratio": 11.81}, "UTIAMC": {"perc_high": 3.430749682337993, "PE_ratio": 17.69}, "BBTC": {"perc_high": 3.0499625712585585, "PE_ratio": 8.61}, "EIDPARRY": {"perc_high": 5.982905982905988, "PE_ratio": 9.25}, "GRANULES": {"perc_high": 5.014326647564469, "PE_ratio": 33.65}, "CEATLTD": {"perc_high": 5.883039570444718, "PE_ratio": 17.48}, "ANANTRAJ": {"perc_high": 5.456543927141399, "PE_ratio": 68.39}, "SAFARI": {"perc_high": 3.9752614232819234, "PE_ratio": 67.86}, "SARDAEN": {"perc_high": 5.855245323936017, "PE_ratio": 23.19}, "JUBLPHARMA": {"perc_high": 5.260389268805891, "PE_ratio": 56.31}, "MASTEK": {"perc_high": 5.039745627980921, "PE_ratio": 30.08}, "METROPOLIS": {"perc_high": 4.364658708577215, "PE_ratio": 78.3}, "DEEPAKFERT": {"perc_high": 4.795373665480436, "PE_ratio": 25.24}, "CCL": {"perc_high": 3.7931271006241976, "PE_ratio": 36.16}, "MAHSCOOTER": {"perc_high": 1.1518324607329842, "PE_ratio": 53.95}, "BALRAMCHIN": {"perc_high": 5.167406901264093, "PE_ratio": 22.61}, "GLS": {"perc_high": 4.95440443734136, "PE_ratio": 28.35}, "INDIACEM": {"perc_high": 4.987012987012984, "PE_ratio": 0}, "QUESS": {"perc_high": 4.617096235861305, "PE_ratio": 32.79}, "EDELWEISS": {"perc_high": 5.798101811906815, "PE_ratio": 19.36}, "MARKSANS": {"perc_high": 2.875000000000002, "PE_ratio": 31.88}, "RUSTOMJEE": {"perc_high": 5.32994923857868, "PE_ratio": 150}, "CSBBANK": {"perc_low": 5.502085338466485, "PE_ratio": 10.29}, "LTFOODS": {"perc_high": 1.7783676177836734, "PE_ratio": 22.6}, "VIJAYA": {"perc_high": 3.966986155484558, "PE_ratio": 74.19}, "ARVIND": {"perc_high": 5.447424638025157, "PE_ratio": 32.61}, "VRLLOG": {"perc_low": 4.449877750611247, "PE_ratio": 67.55}, "NEULANDLAB": {"perc_high": 5.146399999999994, "PE_ratio": 47.67}, "NETWEB": {"perc_high": 5.912805065026413, "PE_ratio": 175.64}, "VOLTAMP": {"perc_high": 3.288862157581064, "PE_ratio": 61.37}, "BECTORFOOD": {"perc_high": 5.19914215686274, "PE_ratio": 66.79}, "ELECTCAST": {"perc_high": 3.191583414375386, "PE_ratio": 15.07}, "IWEL": {"perc_high": 4.814486207452813, "PE_ratio": 531.16}, "FDC": {"perc_high": 4.824561403508788, "PE_ratio": 27.17}, "EPL": {"perc_high": 4.353612167300376, "PE_ratio": 35.15}, "SHRIPISTON": {"perc_high": 4.759746146872167, "PE_ratio": 20.4}, "NAVA": {"perc_high": 4.444444444444442, "PE_ratio": 11.14}}