{"RBLBANK": {"perc_low": 3.090128755364816, "PE_ratio": 10.15}, "HAPPSTMNDS": {"perc_low": 3.508771929824561, "PE_ratio": 50.9}, "EQUITASBNK": {"perc_low": 4.0, "PE_ratio": 13.9}, "UJJIVANSFB": {"perc_low": 5.775000000000006, "PE_ratio": 6.44}, "VIPIND": {"perc_low": 4.329054842473748, "PE_ratio": 10703.29}, "SPANDANA": {"perc_low": 4.737732656514383, "PE_ratio": 9.87}, "TMB": {"perc_low": 3.641136856523225, "PE_ratio": 6.48}, "ALLCARGO": {"perc_low": 4.064080944350765, "PE_ratio": 53.24}, "FUSION": {"perc_low": 3.9320226591136134, "PE_ratio": 8.86}}