{"WELENT": {"perc_high": 2.657512116316647, "PE_ratio": 22.66}, "BHARATRAS": {"perc_high": 3.987223428229613, "PE_ratio": 49.4}, "PILANIINVS": {"perc_high": 3.6028119507908607, "PE_ratio": 40.55}, "GULFOILLUB": {"perc_high": 3.699711394693838, "PE_ratio": 21.16}, "GREAVESCOT": {"perc_high": 4.417910447761186, "PE_ratio": 107.67}, "THYROCARE": {"perc_high": 3.355344392548451, "PE_ratio": 62.85}, "DIVGIITTS": {"perc_low": 3.663151115047098, "PE_ratio": 54.12}, "PRAKASH": {"perc_high": 3.565400843881852, "PE_ratio": 11.84}, "GREENPLY": {"perc_high": 4.381599708702515, "PE_ratio": 48.29}, "SWARAJENG": {"perc_high": 3.0763688760806915, "PE_ratio": 29}, "CIGNITITEC": {"perc_high": 3.8798586572438225, "PE_ratio": 27.78}, "MPSLTD": {"perc_high": 2.6106557377049104, "PE_ratio": 35.92}, "FIEMIND": {"perc_high": 4.326878532382096, "PE_ratio": 23.4}, "SUPRIYA": {"perc_high": 4.305555555555548, "PE_ratio": 33.74}, "STYRENIX": {"perc_high": 4.635416666666667, "PE_ratio": 24.56}, "INDIAGLYCO": {"perc_high": 4.591760856632956, "PE_ratio": 24.9}, "PITTIENG": {"perc_high": 3.9322736696613743, "PE_ratio": 52.12}, "RISHABH": {"perc_low": 3.195105370496261, "PE_ratio": 40.77}, "NSIL": {"perc_high": 4.747162022703819, "PE_ratio": 35.32}, "HITECH": {"perc_high": 2.187902187902188, "PE_ratio": 51.99}, "MONARCH": {"perc_high": 4.27600190839695, "PE_ratio": 18.4}, "KOKUYOCMLN": {"perc_high": 2.4460988107899073, "PE_ratio": 48.03}, "BLKASHYAP": {"perc_high": 2.337575908826211, "PE_ratio": 43.69}, "SYNCOMF": {"perc_high": 3.013100436681213, "PE_ratio": 67.52}, "ALICON": {"perc_high": 1.4761264290517853, "PE_ratio": 32.21}, "AGARIND": {"perc_high": 3.4337484154798266, "PE_ratio": 15.89}, "SUMMITSEC": {"perc_high": 2.1053763440860136, "PE_ratio": 31.24}, "OAL": {"perc_high": 3.1515580736543836, "PE_ratio": 68.69}, "REFEX": {"perc_high": 1.1580594679186194, "PE_ratio": 35.73}, "RAMRAT": {"perc_high": 1.7013232514177694, "PE_ratio": 36.13}, "STERTOOLS": {"perc_high": 4.786324786324787, "PE_ratio": 31.67}, "INDIANHUME": {"perc_high": 3.006993006993015, "PE_ratio": 28.33}, "INDNIPPON": {"perc_high": 3.8754325259515596, "PE_ratio": 26.86}, "KOPRAN": {"perc_high": 4.484236302418114, "PE_ratio": 25.02}, "ASIANENE": {"perc_high": 4.311606439266009, "PE_ratio": 55.07}, "V2RETAIL": {"perc_high": 3.8308894180557225, "PE_ratio": 104.28}, "ONEPOINT": {"perc_high": 3.870967741935484, "PE_ratio": 39.69}, "ASIANTILES": {"perc_high": 4.3482688391038655, "PE_ratio": 0}, "SUTLEJTEX": {"perc_high": 4.1914618369987, "PE_ratio": 0}, "WEBELSOLAR": {"perc_high": 2.4024024024024024, "PE_ratio": 346.4}, "PPL": {"perc_high": 1.9528779253636976, "PE_ratio": 14.86}, "MSPL": {"perc_high": 4.339163161390306, "PE_ratio": 72.32}, "HIRECT": {"perc_high": 3.407070906577128, "PE_ratio": 73.84}, "DHARMAJ": {"perc_high": 3.2486786128658047, "PE_ratio": 30.38}, "ASALCBR": {"perc_high": 2.303731620574345, "PE_ratio": 29.96}, "TBZ": {"perc_high": 2.057416267942589, "PE_ratio": 21.7}, "HEXATRADEX": {"perc_high": 4.098253417936819, "PE_ratio": 55.51}, "RUBYMILLS": {"perc_high": 4.5094936708860756, "PE_ratio": 21.19}, "VLSFINANCE": {"perc_high": 2.1853607161664064, "PE_ratio": 3.89}, "SHREEPUSHK": {"perc_high": 2.4250000000000074, "PE_ratio": 19.39}, "SALZERELEC": {"perc_high": 4.176262178919406, "PE_ratio": 37.56}, "KHAICHEM": {"perc_high": 2.2331263769277028, "PE_ratio": 0}, "CELLECOR": {"perc_high": 4.1891891891891815, "PE_ratio": 44.75}, "TVSELECT": {"perc_high": 4.6922353432960575, "PE_ratio": 0}, "VLEGOV": {"perc_high": 2.2665992585102894, "PE_ratio": 0}, "THEINVEST": {"perc_high": 4.476861167002014, "PE_ratio": 37.33}, "STEL": {"perc_high": 2.4669016096771204, "PE_ratio": 68.61}, "BBTCL": {"perc_low": 1.8244554668967083, "PE_ratio": 32.97}, "PRIMESECU": {"perc_high": 2.19003276426969, "PE_ratio": 41.25}, "ANNAPURNA": {"perc_high": 3.93801082687613, "PE_ratio": 60.86}, "GEECEE": {"perc_high": 3.393475923049346, "PE_ratio": 19.02}, "SIMPLEXINF": {"perc_high": 3.927315357561541, "PE_ratio": 12.91}, "RPPINFRA": {"perc_high": 4.634807659718691, "PE_ratio": 13.35}, "WANBURY": {"perc_high": 3.5863812307449296, "PE_ratio": 29.52}, "MANORG": {"perc_high": 2.0842982862436314, "PE_ratio": 79.1}, "GSS": {"perc_low": 4.36129032258064, "PE_ratio": 29.3}, "BASML": {"perc_high": 4.070881226053635, "PE_ratio": 0}, "ABINFRA": {"perc_high": 1.785714285714293, "PE_ratio": 85.76}, "SARTELE": {"perc_high": 4.757858963466443, "PE_ratio": 79.76}, "VETO": {"perc_high": 2.821428571428572, "PE_ratio": 20.44}, "ALPA": {"perc_high": 3.4782608695652173, "PE_ratio": 12.34}, "TREJHARA": {"perc_high": 3.023012146377427, "PE_ratio": 206.96}, "ROCKINGDCE": {"perc_high": 2.5454545454545454, "PE_ratio": "NA"}, "WORTH": {"perc_high": 4.233870967741943, "PE_ratio": 13.8}, "SMSLIFE": {"perc_high": 2.256881340250477, "PE_ratio": 25.25}, "PRAENG": {"perc_high": 3.354978354978364, "PE_ratio": 0}, "ANIKINDS": {"perc_high": 4.246411483253586, "PE_ratio": 0}, "PARIN": {"perc_high": 3.559870550161812, "PE_ratio": 143.81}, "DIL": {"perc_low": 4.810996563573871, "PE_ratio": 0}, "DGCONTENT": {"perc_high": 2.7730479202140614, "PE_ratio": 41.92}, "ARIHANTACA": {"perc_high": 3.924999999999997, "PE_ratio": 75.55}, "LEMERITE": {"perc_high": 2.492668621700877, "PE_ratio": 267.54}, "PODDARHOUS": {"perc_low": 2.1654242101526426, "PE_ratio": 0}, "PRAMARA": {"perc_high": 4.761904761904756, "PE_ratio": 48.87}, "AJOONI": {"perc_high": 3.7959667852906325, "PE_ratio": 62.09}, "VSCL": {"perc_high": 0.9077155824508236, "PE_ratio": 1302.18}, "KONTOR": {"perc_high": 3.424143964009009, "PE_ratio": 124.23}, "SILLYMONKS": {"perc_high": 2.602230483271373, "PE_ratio": 102.39}}