{"ESAFSFB": {"perc_low": 6.3061224489795995, "PE_ratio": 6.27}, "TASTYBITE": {"perc_low": 5.76831272204663, "PE_ratio": 64.11}, "REPRO": {"perc_low": 4.558799543304507, "PE_ratio": 75.75}, "IRISDOREME": {"perc_low": 3.2909379968203507, "PE_ratio": 43.15}, "SMLT": {"perc_low": 4.825396825396828, "PE_ratio": 18.36}, "SELMC": {"perc_low": 4.29553264604811, "PE_ratio": 0}, "SWASTIK": {"perc_low": 6.466165413533831, "PE_ratio": "NA"}, "AMBANIORG": {"perc_low": 4.930332261521982, "PE_ratio": "NA"}, "MICROPRO": {"perc_low": 6.356968215158928, "PE_ratio": "NA"}, "SECURCRED": {"perc_low": 6.104651162790688, "PE_ratio": 9.28}, "SHUBHLAXMI": {"perc_low": 5.6000000000000005, "PE_ratio": "NA"}, "CBAZAAR": {"perc_low": 2.2580645161290303, "PE_ratio": "NA"}, "MARINETRAN": {"perc_low": 3.4798534798534773, "PE_ratio": "NA"}}