{
    "HGS": {
        "perc_low": 3.1413043478260843
    },
    "SHARDACROP": {
        "perc_low": 4.890410958904115
    },
    "RAJRATAN": {
        "perc_low": 2.3640856672158193
    },
    "TATVA": {
        "perc_low": 4.012096774193549
    },
    "POLYPLEX": {
        "perc_low": 3.5153171141821287
    },
    "AUTOAXLES": {
        "perc_low": 4.231174302264344
    },
    "GANDHAR": {
        "perc_low": 3.563046724983996
    },
    "MUFTI": {
        "perc_low": 3.7536291995022864
    },
    "BUTTERFLY": {
        "perc_low": 4.849831880093458
    },
    "NACLIND": {
        "perc_low": 4.90974729241878
    },
    "HESTERBIO": {
        "perc_low": 1.7059243397573227
    },
    "ORIENTBELL": {
        "perc_low": 2.5421348314606775
    },
    "SCPL": {
        "perc_low": 3.6449332285938802
    },
    "DUCOL": {
        "perc_low": 3.041237113402065
    },
    "GRAPHISAD": {
        "perc_low": 4.23728813559322
    },
    "RCDL": {
        "perc_low": 2.840909090909091
    },
    "CPS": {
        "perc_low": 2.1994134897360706
    },
    "TRIDHYA": {
        "perc_low": 4.500000000000004
    },
    "CBAZAAR": {
        "perc_low": 3.8461538461538463
    },
    "MASTER": {
        "perc_low": 4.9250535331905825
    },
    "INDIFRA": {
        "perc_low": 2.197802197802198
    },
    "SAROJA": {
        "perc_low": 1.9367991845056123
    }
}