{"PRUDENT": {"perc_high": 9.553748616989514, "PE_ratio": 71.69}, "WSTCSTPAPR": {"perc_low": 7.133792603335755, "PE_ratio": 6.2}, "KKCL": {"perc_low": 8.445860941038333, "PE_ratio": 26.95}, "HGS": {"perc_low": 6.566499721758492, "PE_ratio": 61.84}, "PRIVISCL": {"perc_high": 7.722222222222222, "PE_ratio": 55.43}, "CHOICEIN": {"perc_high": 6.11323027504518, "PE_ratio": 68.68}, "MUTHOOTMF": {"perc_low": 8.23499491353001, "PE_ratio": 10.11}, "SULA": {"perc_low": 2.9999999999999973, "PE_ratio": 37.74}, "HMAAGRO": {"perc_low": 3.935185185185175, "PE_ratio": 39.26}, "IPL": {"perc_low": 4.513413992635462, "PE_ratio": 35.57}, "DCBBANK": {"perc_low": 4.567788898999086, "PE_ratio": 6.61}, "VMART": {"perc_high": 6.298888888888884, "PE_ratio": 0}, "IFBIND": {"perc_high": 6.349845332429337, "PE_ratio": 84.96}, "BOROLTD": {"perc_high": 9.912854030501089, "PE_ratio": 69.8}, "TATVA": {"perc_low": 4.103671706263499, "PE_ratio": 86.7}, "HLEGLAS": {"perc_low": 3.818914039716706, "PE_ratio": 61.53}, "ESAFSFB": {"perc_low": 3.9090909090909065, "PE_ratio": 4.79}, "IDEAFORGE": {"perc_low": 7.482223658694258, "PE_ratio": 104.94}, "MAITHANALL": {"perc_low": 9.717277486910989, "PE_ratio": 4.04}, "NAVNETEDUL": {"perc_low": 8.131782945736441, "PE_ratio": 16.42}, "THYROCARE": {"perc_high": 6.512052397058031, "PE_ratio": 62.52}, "DISHTV": {"perc_low": 4.202334630350202, "PE_ratio": 0}, "CARTRADE": {"perc_high": 8.021998862127813, "PE_ratio": 58.56}, "SANGHIIND": {"perc_low": 6.437204414083015, "PE_ratio": 0}, "VSTTILLERS": {"perc_high": 8.91632231404959, "PE_ratio": 35.49}, "NRBBEARING": {"perc_low": 9.606363450948392, "PE_ratio": 28.48}, "AUTOAXLES": {"perc_low": 5.9036248313865, "PE_ratio": 17.12}, "BANARISUG": {"perc_high": 7.370398196844483, "PE_ratio": 31.97}, "GUFICBIO": {"perc_high": 6.296703296703292, "PE_ratio": 52.26}, "JCHAC": {"perc_high": 8.312659822144184, "PE_ratio": 241.75}, "MOLDTKPAC": {"perc_low": 4.597370878528842, "PE_ratio": 37.31}, "DIVGIITTS": {"perc_low": 7.333916083916092, "PE_ratio": 51.98}, "CIGNITITEC": {"perc_high": 3.420494699646649, "PE_ratio": 28.37}, "DREAMFOLKS": {"perc_low": 6.661279150311699, "PE_ratio": 33.27}, "BSHSL": {"perc_low": 6.60377358490566, "PE_ratio": 76.91}, "TARSONS": {"perc_low": 6.142379850938056, "PE_ratio": 58.76}, "PSPPROJECT": {"perc_low": 6.192698783130518, "PE_ratio": 20.88}, "ANUP": {"perc_high": 6.272413793103452, "PE_ratio": 51.57}, "APOLLOPIPE": {"perc_low": 5.7941176470588145, "PE_ratio": 51.67}, "SATIN": {"perc_low": 7.080853174603168, "PE_ratio": 4.19}, "APCOTEXIND": {"perc_low": 9.386422976501303, "PE_ratio": 38.38}, "VINDHYATEL": {"perc_low": 7.804113915924092, "PE_ratio": 25.23}, "UNIPARTS": {"perc_low": 3.366470854044278, "PE_ratio": 18.3}, "ANDHRAPAP": {"perc_low": 7.601333189979565, "PE_ratio": 7.94}, "YATRA": {"perc_low": 7.189716312056738, "PE_ratio": 0}, "MANORAMA": {"perc_high": 8.734879032258062, "PE_ratio": 136.82}, "IRMENERGY": {"perc_low": 5.234775746415898, "PE_ratio": 20.01}, "RISHABH": {"perc_low": 6.275902901124922, "PE_ratio": 38.78}, "EVERESTIND": {"perc_low": 4.926266296217143, "PE_ratio": 111.56}, "GTPL": {"perc_low": 7.8609986504723395, "PE_ratio": 25.99}, "ARMANFIN": {"perc_low": 5.961262062829385, "PE_ratio": 9.45}, "TNPL": {"perc_low": 7.443921351426195, "PE_ratio": 13.11}, "JAGRAN": {"perc_low": 6.89156626506024, "PE_ratio": 11.94}, "SUBEXLTD": {"perc_low": 8.444444444444438, "PE_ratio": 0}, "ROSSELLIND": {"perc_low": 5.252833478639922, "PE_ratio": 26.02}, "NDTV": {"perc_low": 4.74568166875859, "PE_ratio": 0}, "DHAMPURSUG": {"perc_low": 6.096284667713242, "PE_ratio": 14.56}, "SHANKARA": {"perc_low": 6.9118579581483806, "PE_ratio": 15.28}, "DWARKESH": {"perc_low": 9.12903225806451, "PE_ratio": 37.73}, "CONTROLPR": {"perc_low": 5.5859374999999964, "PE_ratio": 24.78}, "VASCONEQ": {"perc_low": 7.176141658900283, "PE_ratio": 25.29}, "KUANTUM": {"perc_low": 6.5547561950439786, "PE_ratio": 7.34}, "DPABHUSHAN": {"perc_high": 6.434872859366891, "PE_ratio": 58.6}, "JSLL": {"perc_high": 6.401896858328393, "PE_ratio": 59.34}, "NACLIND": {"perc_low": 5.068848533226899, "PE_ratio": 0}, "KICL": {"perc_high": 3.722308949213085, "PE_ratio": 65.85}, "KSOLVES": {"perc_low": 8.505263157894733, "PE_ratio": 32}, "NELCAST": {"perc_low": 6.171673819742487, "PE_ratio": 27.82}, "COFFEEDAY": {"perc_low": 5.463786531130884, "PE_ratio": 5.2}, "SOLARA": {"perc_high": 8.1584670546053, "PE_ratio": 0}, "ATL": {"perc_low": 9.127516778523487, "PE_ratio": 24.64}, "MATRIMONY": {"perc_high": 6.224261677844449, "PE_ratio": 36.81}, "SHALPAINTS": {"perc_low": 9.549071618037146, "PE_ratio": 0}, "REPRO": {"perc_low": 9.03954802259887, "PE_ratio": 89.17}, "JAYBARMARU": {"perc_low": 7.977839335180059, "PE_ratio": 33.44}, "SKYGOLD": {"perc_high": 9.198275862068963, "PE_ratio": 95.5}, "KAMOPAINTS": {"perc_low": 2.494117647058829, "PE_ratio": 52.9}, "MKPL": {"perc_low": 7.2941176470588145, "PE_ratio": 30.02}, "JAGSNPHARM": {"perc_high": 9.701940388077617, "PE_ratio": 56.44}, "SCHAND": {"perc_low": 4.966608953747214, "PE_ratio": 15.86}, "E2E": {"perc_high": 9.799501867995014, "PE_ratio": 257.07}, "HPAL": {"perc_low": 3.5952380952380905, "PE_ratio": 36.97}, "SPECIALITY": {"perc_low": 8.272251308900513, "PE_ratio": 26.1}, "DPWIRES": {"perc_low": 6.253263707571799, "PE_ratio": 19.3}, "MANAKSIA": {"perc_low": 6.109573879358064, "PE_ratio": 6.32}, "CHEVIOT": {"perc_low": 9.517918088737197, "PE_ratio": 9.42}, "DMCC": {"perc_low": 7.6860346585117325, "PE_ratio": 66.24}, "3IINFOLTD": {"perc_low": 3.917910447761196, "PE_ratio": 0}, "BALAJITELE": {"perc_low": 5.181347150259068, "PE_ratio": 94.24}, "SEMAC": {"perc_low": 5.943152454780361, "PE_ratio": 0}, "SHREEPUSHK": {"perc_high": 8.460714285714285, "PE_ratio": 20.77}, "NRAIL": {"perc_low": 7.339449541284404, "PE_ratio": 6.65}, "AXITA": {"perc_low": 3.013698630136983, "PE_ratio": 28.76}, "KAMATHOTEL": {"perc_low": 7.572972972972967, "PE_ratio": 71.19}, "JETAIRWAYS": {"perc_low": 3.243243243243251, "PE_ratio": 0}, "MIRZAINT": {"perc_low": 7.560050568900133, "PE_ratio": 57.21}, "THEINVEST": {"perc_high": 9.526162137884576, "PE_ratio": 41.77}, "STEL": {"perc_high": 9.450640231309384, "PE_ratio": 80.99}, "BBTCL": {"perc_low": 7.5279467949625065, "PE_ratio": 30.42}, "PROZONER": {"perc_low": 5.6289978678038395, "PE_ratio": 0}, "PHANTOMFX": {"perc_low": 7.420551701887401, "PE_ratio": 18.75}, "BANSWRAS": {"perc_low": 5.950095969289827, "PE_ratio": 18.55}, "LIBERTSHOE": {"perc_high": 8.014396067415726, "PE_ratio": 58.9}, "SIGMA": {"perc_low": 8.208736440926415, "PE_ratio": 21.09}, "NBIFIN": {"perc_high": 7.880532565671104, "PE_ratio": 165.3}, "DICIND": {"perc_high": 7.125848315275631, "PE_ratio": 57.42}, "SAHYADRI": {"perc_low": 4.568527918781715, "PE_ratio": 15.59}, "CINELINE": {"perc_low": 8.697355533790411, "PE_ratio": 0}, "GOLDTECH": {"perc_low": 7.138162219008818, "PE_ratio": 0}, "OSWALSEEDS": {"perc_low": 9.42455822383325, "PE_ratio": 0}, "FOCE": {"perc_high": 8.88888888888889, "PE_ratio": 0}, "SAAKSHI": {"perc_low": 6.621124540199681, "PE_ratio": 63.38}, "ANMOL": {"perc_low": 6.946308724832216, "PE_ratio": 11.56}, "STARPAPER": {"perc_low": 6.172032193158944, "PE_ratio": 5.48}, "DYNPRO": {"perc_high": 7.327394209354115, "PE_ratio": 117.31}, "ROXHITECH": {"perc_low": 8.83674488267598, "PE_ratio": 11.63}, "TAKE": {"perc_low": 6.979472140762449, "PE_ratio": 0}, "KNAGRI": {"perc_high": 6.82855280312907, "PE_ratio": 24.06}, "MHLXMIRU": {"perc_low": 6.966666666666659, "PE_ratio": 13.63}, "INDTERRAIN": {"perc_low": 8.62587763289869, "PE_ratio": 0}, "VIRINCHI": {"perc_low": 8.460176991150444, "PE_ratio": 30.68}, "USASEEDS": {"perc_low": 6.144021140717898, "PE_ratio": 22.31}, "RAJTV": {"perc_low": 4.578201254938413, "PE_ratio": 0}, "PRITI": {"perc_low": 8.66135458167331, "PE_ratio": 19.52}, "MEP": {"perc_low": 3.0864197530864086, "PE_ratio": 0}, "EFORCE": {"perc_low": 5.0, "PE_ratio": 0}, "SELMC": {"perc_low": 8.48340203948795, "PE_ratio": 0}, "ABINFRA": {"perc_high": 9.037433155080217, "PE_ratio": 102.34},