{"ESAFSFB": {"perc_low": 5.999999999999996, "PE_ratio": 6.25}, "TASTYBITE": {"perc_low": 5.257762523806428, "PE_ratio": 63.49}, "REPRO": {"perc_low": 5.203066383950412, "PE_ratio": 75}, "SMLT": {"perc_low": 2.2047244094488128, "PE_ratio": 18.41}, "SELMC": {"perc_low": 4.1237113402061825, "PE_ratio": 0}, "SHEETAL": {"perc_low": 5.716878402903808, "PE_ratio": "NA"}, "AMBANIORG": {"perc_low": 4.930332261521982, "PE_ratio": "NA"}, "MICROPRO": {"perc_low": 5.745721271393647, "PE_ratio": "NA"}, "SECURCRED": {"perc_low": 6.168224299065423, "PE_ratio": 9.49}, "UWCSL": {"perc_low": 5.655836341756923, "PE_ratio": "NA"}, "CBAZAAR": {"perc_low": 3.870967741935493, "PE_ratio": "NA"}, "YCCL": {"perc_low": 3.305785123966945, "PE_ratio": "NA"}, "INDIFRA": {"perc_low": 6.564885496183202, "PE_ratio": "NA"}}