{
    "ORIENTELEC": {
        "perc_low": 3.8095238095238035
    },
    "PRIVISCL": {
        "perc_low": 3.5897435897435894
    },
    "MUTHOOTMF": {
        "perc_low": 4.247202441505593
    },
    "LAOPALA": {
        "perc_low": 4.9324324324324405
    },
    "SHARDACROP": {
        "perc_low": 3.442854897028765
    },
    "RAJRATAN": {
        "perc_low": 3.526361279170264
    },
    "LUXIND": {
        "perc_low": 3.568929321203639
    },
    "NEOGEN": {
        "perc_low": 4.6683673469387825
    },
    "TATVA": {
        "perc_low": 2.6428605078438014
    },
    "BHARATRAS": {
        "perc_low": 2.451771624013672
    },
    "FLAIR": {
        "perc_low": 4.022754977651364
    },
    "ESAFSFB": {
        "perc_low": 4.12757973733584
    },
    "IDEAFORGE": {
        "perc_low": 2.623906705539359
    },
    "NILKAMAL": {
        "perc_low": 2.2544378698224796
    },
    "POLYPLEX": {
        "perc_low": 4.948412959190376
    },
    "AUTOAXLES": {
        "perc_low": 3.6506615389030745
    },
    "BANARISUG": {
        "perc_low": 4.840000000000004
    },
    "INNOVACAP": {
        "perc_low": 4.015792442188384
    },
    "BARBEQUE": {
        "perc_low": 4.645995354004635
    },
    "MBAPL": {
        "perc_low": 3.520678685047725
    },
    "IKIO": {
        "perc_low": 3.5366293756766343
    },
    "TCNSBRANDS": {
        "perc_low": 4.86322188449848
    },
    "SIRCA": {
        "perc_low": 4.555929799680896
    },
    "EXPLEOSOL": {
        "perc_low": 3.4802203304957473
    },
    "BUTTERFLY": {
        "perc_low": 2.8968253968253936
    },
    "ACLGATI": {
        "perc_low": 4.876769795490305
    },
    "ANDHRSUGAR": {
        "perc_low": 4.0694519804666305
    },
    "MANALIPETC": {
        "perc_low": 4.2895442359249305
    },
    "OAL": {
        "perc_low": 4.82935153583617
    },
    "UNIENTER": {
        "perc_low": 3.6488027366020392
    },
    "LIKHITHA": {
        "perc_low": 4.989059080962804
    },
    "JAGSNPHARM": {
        "perc_low": 4.13011695906431
    },
    "DBOL": {
        "perc_low": 4.656222802436896
    },
    "MANAKSIA": {
        "perc_low": 4.226804123711334
    },
    "MOLDTECH": {
        "perc_low": 3.8333333333333366
    },
    "IFBAGRO": {
        "perc_low": 3.2018504991478047
    },
    "ROXHITECH": {
        "perc_low": 4.792810783824261
    },
    "SELMC": {
        "perc_low": 1.165331391114344
    },
    "BAFNAPH": {
        "perc_low": 3.689064558629772
    },
    "DIL": {
        "perc_low": 4.285714285714283
    },
    "AKSHAR": {
        "perc_low": 4.444444444444448
    },
    "CLSL": {
        "perc_low": 3.4246575342465753
    },
    "COMPINFO": {
        "perc_low": 4.761904761904765
    },
    "UMA": {
        "perc_low": 3.742203742203736
    },
    "YCCL": {
        "perc_low": 3.9525691699604746
    },
    "MASTER": {
        "perc_low": 2.593010146561434
    },
    "RITEZONE": {
        "perc_low": 4.068241469816265
    },
    "WINSOME": {
        "perc_low": 3.3898305084745637
    },
    "SAROJA": {
        "perc_low": 4.285714285714286
    },
    "VIVO": {
        "perc_low": 3.015427769985983
    }
}