{"MASFIN": {"perc_low": 9.463722397476342, "PE_ratio": 19.7}, "CHOICEIN": {"perc_high": 2.7482823235477802, "PE_ratio": 65.78}, "WELENT": {"perc_high": 9.61227786752827, "PE_ratio": 20.76}, "IIFLSEC": {"perc_high": 8.549598208404687, "PE_ratio": 17.17}, "ROSSARI": {"perc_high": 7.43805901100031, "PE_ratio": 36.93}, "ORISSAMINE": {"perc_high": 4.093931837073981, "PE_ratio": 353.94}, "SULA": {"perc_low": 7.751677852348989, "PE_ratio": 42.88}, "HMAAGRO": {"perc_low": 5.2928416485900165, "PE_ratio": 41.85}, "IPL": {"perc_low": 9.92689295039164, "PE_ratio": 37.21}, "AMIORG": {"perc_high": 5.927043335161819, "PE_ratio": 76.22}, "THANGAMAYL": {"perc_high": 3.9980198019801914, "PE_ratio": 55.66}, "TDPOWERSYS": {"perc_high": 8.38137472283814, "PE_ratio": 51.53}, "TARC": {"perc_high": 3.923076923076919, "PE_ratio": 0}, "EPIGRAL": {"perc_high": 5.418250950570342, "PE_ratio": 37.97}, "VMART": {"perc_high": 9.039106145251397, "PE_ratio": 0}, "WABAG": {"perc_high": 3.687947799385881, "PE_ratio": 36.52}, "KIRLPNU": {"perc_high": 9.950163258291802, "PE_ratio": 57.97}, "SUDARSCHEM": {"perc_high": 3.516100957354229, "PE_ratio": 64.53}, "HLEGLAS": {"perc_low": 2.4193548387096686, "PE_ratio": 66.58}, "HINDWAREAP": {"perc_low": 4.698412698412701, "PE_ratio": 68.1}, "BAJAJHIND": {"perc_high": 8.069414316702819, "PE_ratio": 0}, "ESAFSFB": {"perc_low": 3.0201342281879064, "PE_ratio": 4.76}, "PILANIINVS": {"perc_high": 3.7956521739130435, "PE_ratio": 39.91}, "SUBROS": {"perc_high": 8.68382886149384, "PE_ratio": 41.56}, "GULFOILLUB": {"perc_high": 9.550394767269001, "PE_ratio": 21.01}, "EMUDHRA": {"perc_high": 6.246631454133884, "PE_ratio": 93.22}, "GREAVESCOT": {"perc_high": 9.185262065386606, "PE_ratio": 103.93}, "GMRP&UI": {"perc_high": 8.957163958641061, "PE_ratio": 0}, "CARTRADE": {"perc_high": 6.506816204196071, "PE_ratio": 56.39}, "DALMIASUG": {"perc_high": 5.156456588805641, "PE_ratio": 16.52}, "SANGHIIND": {"perc_low": 3.41375150784077, "PE_ratio": 0}, "VSTTILLERS": {"perc_high": 4.958677685950414, "PE_ratio": 35.82}, "GRWRHITECH": {"perc_high": 6.717230503510681, "PE_ratio": 36.18}, "YATHARTH": {"perc_high": 6.013400335008372, "PE_ratio": 38.76}, "BANARISUG": {"perc_high": 2.5546484066368187, "PE_ratio": 32.05}, "BOMDYEING": {"perc_high": 7.606907894736842, "PE_ratio": 0}, "SBCL": {"perc_high": 8.230363465568328, "PE_ratio": 48.2}, "INNOVACAP": {"perc_high": 9.862753252926149, "PE_ratio": 41.65}, "INOXGREEN": {"perc_high": 7.85666592477187, "PE_ratio": 252}, "MOLDTKPAC": {"perc_low": 7.7525888609011995, "PE_ratio": 38.87}, "DIVGIITTS": {"perc_low": 7.659425979237542, "PE_ratio": 50.92}, "JCHAC": {"perc_high": 5.73565573770491, "PE_ratio": 222.44}, "SWARAJENG": {"perc_high": 7.995677233429389, "PE_ratio": 27.76}, "GREENPLY": {"perc_high": 8.059230489137029, "PE_ratio": 46.32}, "CIGNITITEC": {"perc_high": 2.325088339222621, "PE_ratio": 28.29}, "STYLAMIND": {"perc_high": 9.644513137557965, "PE_ratio": 26.6}, "DREAMFOLKS": {"perc_low": 7.700300161625482, "PE_ratio": 33.44}, "UNICHEMLAB": {"perc_high": 6.2857142857142865, "PE_ratio": 2556.85}, "SEQUENT": {"perc_high": 7.041960947237221, "PE_ratio": 0}, "FIEMIND": {"perc_high": 4.441340782122905, "PE_ratio": 25.69}, "ANUP": {"perc_high": 4.9728001328848475, "PE_ratio": 42.66}, "APOLLOPIPE": {"perc_low": 9.151661407091135, "PE_ratio": 55.98}, "SATIN": {"perc_low": 7.566238732586722, "PE_ratio": 4.72}, "LUMAXTECH": {"perc_high": 7.312074760226252, "PE_ratio": 21.47}, "UNIPARTS": {"perc_low": 5.275330396475768, "PE_ratio": 19.03}, "MBAPL": {"perc_low": 4.801117210825387, "PE_ratio": 64.86}, "EVEREADY": {"perc_high": 9.089108910891085, "PE_ratio": 72.35}, "ARTEMISMED": {"perc_high": 7.236626189694786, "PE_ratio": 69.99}, "HONDAPOWER": {"perc_high": 5.929328621908122, "PE_ratio": 46.9}, "SKIPPER": {"perc_high": 8.719211822660098, "PE_ratio": 52.38}, "KRSNAA": {"perc_high": 6.43311378605496, "PE_ratio": 45.22}, "MANORAMA": {"perc_high": 9.656876200933302, "PE_ratio": 117.53}, "UDS": {"perc_high": 8.584486166007906, "PE_ratio": 31.29}, "RPGLIFE": {"perc_high": 8.983915260886622, "PE_ratio": 42.18}, "ORIENTHOT": {"perc_high": 8.683662851196669, "PE_ratio": 73.7}, "PCJEWELLER": {"perc_high": 9.520500347463518, "PE_ratio": 0}, "GANECOS": {"perc_high": 8.755794096121008, "PE_ratio": 79.71}, "ARMANFIN": {"perc_low": 6.137172840277343, "PE_ratio": 10.77}, "HIL": {"perc_high": 6.530753827475834, "PE_ratio": 0}, "TNPL": {"perc_low": 2.514506769825913, "PE_ratio": 14.34}, "VIDHIING": {"perc_high": 6.397433478014716, "PE_ratio": 69.28}, "TCPLPACK": {"perc_high": 8.300535210883982, "PE_ratio": 28.21}, "VAKRANGEE": {"perc_high": 8.251525603608382, "PE_ratio": 670.73}, "MARATHON": {"perc_high": 7.728321346179934, "PE_ratio": 26.97}, "CAPACITE": {"perc_high": 7.75903614457831, "PE_ratio": 21.45}, "HLVLTD": {"perc_low": 6.060606060606056, "PE_ratio": 48.77}, "PIXTRANS": {"perc_high": 8.42625223871975, "PE_ratio": 23.27}, "AMRUTANJAN": {"perc_high": 8.138186876883845, "PE_ratio": 55.42}, "NDTV": {"perc_low": 3.804347826086957, "PE_ratio": 0}, "NSIL": {"perc_high": 3.2159069740080204, "PE_ratio": 37.12}, "DEEPINDS": {"perc_high": 9.357952161141423, "PE_ratio": 21.04}, "SHANKARA": {"perc_low": 1.8616255637654824, "PE_ratio": 15.97}, "SERVOTECH": {"perc_high": 9.980525803310613, "PE_ratio": 335.89}, "HITECH": {"perc_high": 9.105999525729185, "PE_ratio": 63.14}, "KITEX": {"perc_high": 5.802583025830256, "PE_ratio": 45.95}, "POKARNA": {"perc_high": 9.40766550522648, "PE_ratio": 30.98}, "DPABHUSHAN": {"perc_high": 7.9376708275803844, "PE_ratio": 52.08}, "STOVEKRAFT": {"perc_high": 8.217054263565892, "PE_ratio": 86.31}, "JSLL": {"perc_high": 5.6534954407294835, "PE_ratio": 55.29}, "MONTECARLO": {"perc_high": 5.741488747836122, "PE_ratio": 28.83}, "NACLIND": {"perc_low": 4.672897196261682, "PE_ratio": 0}, "KICL": {"perc_high": 8.073529411764707, "PE_ratio": 54.09}, "KSOLVES": {"perc_low": 9.350635759510244, "PE_ratio": 34.28}, "SUMMITSEC": {"perc_high": 8.605737158105404, "PE_ratio": 37.42}, "AVADHSUGAR": {"perc_high": 8.233918128654969, "PE_ratio": 13.8}, "SATINDLTD": {"perc_high": 8.645833333333325, "PE_ratio": 6.7}, "SOLARA": {"perc_high": 5.662650602409639, "PE_ratio": 0}, "SHALPAINTS": {"perc_low": 5.056775170325516, "PE_ratio": 0}, "CLSEL": {"perc_high": 6.349206349206349, "PE_ratio": 14.15}, "REPRO": {"perc_low": 6.226616782469276, "PE_ratio": 91.03}, "STEELCAS": {"perc_high": 4.664268585131891, "PE_ratio": 24.24}, "EXCELINDUS": {"perc_high": 8.67905088032971, "PE_ratio": 44.49}, "REMUS": {"perc_high": 7.575623952729519, "PE_ratio": 54.87}, "ARIHANTSUP": {"perc_high": 4.051565377532221, "PE_ratio": 31.16}, "UNIENTER": {"perc_high": 9.959079283887467, "PE_ratio": 32.29}, "MKPL": {"perc_low": 7.8977932636469195, "PE_ratio": 30.29}, "V2RETAIL": {"perc_high": 4.278462654097172, "PE_ratio": 122.04}, "JAGSNPHARM": {"perc_high": 8.155361292464319, "PE_ratio": 47.94}, "ONEPOINT": {"perc_high": 7.870967741935477, "PE_ratio": 69.48}, "DENTALKART": {"perc_high": 7.534246575342466, "PE_ratio": 73.93}, "MOTISONS": {"perc_high": 6.154312566318026, "PE_ratio": 111.16}, "SRHHYPOLTD": {"perc_high": 9.53786906290115, "PE_ratio": 15.13}, "SCHAND": {"perc_low": 6.803218727139717, "PE_ratio": 16.29}, "ZEEMEDIA": {"perc_high": 7.529880478087652, "PE_ratio": 0}, "HPAL": {"perc_low": 7.968548292453945, "PE_ratio": 39.13}, "DPWIRES": {"perc_low": 7.765225295416174, "PE_ratio": 19.64}, "INDOAMIN": {"perc_high": 8.212560386473431, "PE_ratio": 33.49}, "ASALCBR": {"perc_high": 9.547908232118765, "PE_ratio": 30.6}, "FOODSIN": {"perc_low": 9.279493269992093, "PE_ratio": 33.61}, "SAKAR": {"perc_low": 8.046755886837202, "PE_ratio": 60.79}, "SEMAC": {"perc_low": 9.379844961240313, "PE_ratio": 0}, "VLSFINANCE": {"perc_high": 8.035616137188086, "PE_ratio": 4.6}, "CELLECOR": {"perc_high": 9.104589917231007, "PE_ratio": 82.79}, "KAMATHOTEL": {"perc_low": 8.527048741296205, "PE_ratio": 71.55}, "JETAIRWAYS": {"perc_low": 7.7825159914712, "PE_ratio": 0},