{"KKCL": {"perc_low": 3.9838966703010987, "PE_ratio": 25.92}, "TI": {"perc_high": 4.59459459459459, "PE_ratio": 38.39}, "PRICOLLTD": {"perc_high": 8.820276497695858, "PE_ratio": 39.22}, "AARTIPHARM": {"perc_high": 4.662602189275335, "PE_ratio": 27.79}, "CHOICEIN": {"perc_high": 2.774165583008226, "PE_ratio": 64.24}, "IIFLSEC": {"perc_high": 9.38218390804597, "PE_ratio": 16.81}, "ROSSARI": {"perc_high": 9.244306418219457, "PE_ratio": 36.07}, "TIPSINDLTD": {"perc_high": 8.71393082361935, "PE_ratio": 65.46}, "GALLANTT": {"perc_high": 8.684177453814254, "PE_ratio": 29.13}, "HMAAGRO": {"perc_low": 7.229166666666664, "PE_ratio": 44.29}, "ADVENZYMES": {"perc_high": 6.625514403292179, "PE_ratio": 33.98}, "AMIORG": {"perc_high": 3.30553295362083, "PE_ratio": 63.33}, "TDPOWERSYS": {"perc_high": 5.044345898004435, "PE_ratio": 53.18}, "EPIGRAL": {"perc_high": 9.881539980256665, "PE_ratio": 30.95}, "TIMETECHNO": {"perc_high": 5.957794100501343, "PE_ratio": 28.4}, "TARC": {"perc_high": 5.6000000000000005, "PE_ratio": 0}, "VMART": {"perc_high": 5.760395806337618, "PE_ratio": 0}, "LGBBROSLTD": {"perc_high": 9.12179324358648, "PE_ratio": 16.91}, "LUXIND": {"perc_high": 8.674288006417969, "PE_ratio": 50.13}, "ASHOKA": {"perc_high": 5.173140408793993, "PE_ratio": 12.89}, "WABAG": {"perc_high": 6.24295774647888, "PE_ratio": 31.14}, "BOROLTD": {"perc_high": 8.276167293649033, "PE_ratio": 65.94}, "SUDARSCHEM": {"perc_high": 2.957486136783734, "PE_ratio": 60.72}, "HIKAL": {"perc_high": 7.593597036645056, "PE_ratio": 64.2}, "TATVA": {"perc_low": 5.406275140788413, "PE_ratio": 87.51}, "BHARATRAS": {"perc_high": 9.864964328137404, "PE_ratio": 47.73}, "HLEGLAS": {"perc_low": 6.408645388288516, "PE_ratio": 69.09}, "SAMHI": {"perc_high": 9.981080512928308, "PE_ratio": 0}, "ORCHPHARMA": {"perc_high": 8.11320754716981, "PE_ratio": 66.08}, "ESAFSFB": {"perc_low": 2.367346938775503, "PE_ratio": 5.27}, "SUBROS": {"perc_high": 7.4752235919748635, "PE_ratio": 43.16}, "PILANIINVS": {"perc_high": 6.775545851528378, "PE_ratio": 40.05}, "GULFOILLUB": {"perc_high": 8.691486901655047, "PE_ratio": 21.65}, "UFLEX": {"perc_high": 9.862758781111882, "PE_ratio": 14.09}, "KSCL": {"perc_high": 6.9491525423728815, "PE_ratio": 18.01}, "THYROCARE": {"perc_high": 7.993772480807435, "PE_ratio": 59.95}, "CARTRADE": {"perc_high": 5.7980690221857065, "PE_ratio": 55.03}, "DALMIASUG": {"perc_high": 9.438877755511028, "PE_ratio": 14.04}, "SANGHIIND": {"perc_low": 6.622436670687569, "PE_ratio": 0}, "VSTTILLERS": {"perc_high": 3.5193981681401727, "PE_ratio": 33.5}, "GRWRHITECH": {"perc_high": 4.929038008885913, "PE_ratio": 33.09}, "SUNDARMHLD": {"perc_high": 7.713625866050804, "PE_ratio": 41.34}, "YATHARTH": {"perc_high": 4.393786193583985, "PE_ratio": 35.51}, "BANARISUG": {"perc_high": 4.591125152990071, "PE_ratio": 29.54}, "BAJAJCON": {"perc_high": 6.731268385533825, "PE_ratio": 25.76}, "GUFICBIO": {"perc_high": 6.58868465027452, "PE_ratio": 45.4}, "INNOVACAP": {"perc_high": 6.790523045054367, "PE_ratio": "NA"}, "JCHAC": {"perc_high": 5.989290672307797, "PE_ratio": 210.28}, "DIVGIITTS": {"perc_low": 2.7716933445661405, "PE_ratio": 52.28}, "GREENPLY": {"perc_high": 7.258162398349309, "PE_ratio": 47.35}, "SWARAJENG": {"perc_high": 5.165706051873198, "PE_ratio": 29.15}, "STYLAMIND": {"perc_high": 3.681818181818184, "PE_ratio": 26.6}, "CIGNITITEC": {"perc_high": 3.4628975265017665, "PE_ratio": 27.87}, "MPSLTD": {"perc_high": 4.491697043337387, "PE_ratio": 36.42}, "KINGFA": {"perc_high": 8.308115543328748, "PE_ratio": 32.38}, "SHILPAMED": {"perc_high": 5.92436482847442, "PE_ratio": 169.8}, "SEPC": {"perc_high": 7.038216560509546, "PE_ratio": 181.74}, "SEQUENT": {"perc_high": 6.657608695652175, "PE_ratio": 0}, "UNICHEMLAB": {"perc_high": 9.072900158478605, "PE_ratio": 2246.81}, "BSHSL": {"perc_low": 4.912568306010934, "PE_ratio": 88.02}, "FIEMIND": {"perc_high": 2.3251533742331345, "PE_ratio": 23.8}, "VENKEYS": {"perc_high": 5.07627102091837, "PE_ratio": 26.3}, "ANUP": {"perc_high": 3.160167767119302, "PE_ratio": 42.56}, "GOODLUCK": {"perc_high": 4.876886417791906, "PE_ratio": 28.04}, "OPTIEMUS": {"perc_high": 8.031932225480606, "PE_ratio": 85.29}, "SEAMECLTD": {"perc_high": 9.27872091978802, "PE_ratio": 28.39}, "UNIPARTS": {"perc_low": 8.370044052863436, "PE_ratio": 19.64}, "MBAPL": {"perc_low": 6.1350284118270295, "PE_ratio": 66.02}, "SUPRIYA": {"perc_high": 7.464628394860949, "PE_ratio": 34.74}, "EVEREADY": {"perc_high": 9.52475247524753, "PE_ratio": 74.5}, "BEPL": {"perc_high": 7.401129943502821, "PE_ratio": 23.63}, "STYRENIX": {"perc_high": 8.279513888888882, "PE_ratio": 22.97}, "MOREPENLAB": {"perc_high": 7.670807453416146, "PE_ratio": 43.34}, "REPCOHOME": {"perc_high": 8.827075439200826, "PE_ratio": 8.15}, "ARTEMISMED": {"perc_high": 7.6019350380096755, "PE_ratio": 67.54}, "INDIAGLYCO": {"perc_high": 9.918565611829425, "PE_ratio": 25.38}, "ALEMBICLTD": {"perc_high": 6.502958579881662, "PE_ratio": 41.7}, "LUMAXIND": {"perc_high": 5.0695497396005065, "PE_ratio": 49.38}, "KRSNAA": {"perc_high": 5.333333333333334, "PE_ratio": 40.84}, "TIRUMALCHM": {"perc_high": 8.433236874741635, "PE_ratio": 0}, "UDS": {"perc_high": 4.8658364359994835, "PE_ratio": 32.07}, "RISHABH": {"perc_low": 4.454160404426837, "PE_ratio": 41.27}, "IRMENERGY": {"perc_low": 5.668316831683163, "PE_ratio": 21.2}, "RPGLIFE": {"perc_high": 5.406708595387833, "PE_ratio": 40.18}, "ADFFOODS": {"perc_high": 6.124999999999991, "PE_ratio": 39.98}, "ORIENTHOT": {"perc_high": 4.812121212121211, "PE_ratio": 66.17}, "PCJEWELLER": {"perc_high": 5.214020096526626, "PE_ratio": 0}, "FINOPB": {"perc_high": 7.644539614561026, "PE_ratio": 41.39}, "PRECWIRE": {"perc_high": 8.324949698189139, "PE_ratio": 42.5}, "GANECOS": {"perc_high": 9.312027323737492, "PE_ratio": 79.13}, "ARMANFIN": {"perc_low": 5.9065548732973845, "PE_ratio": 10.61}, "SHRIRAMPPS": {"perc_high": 6.151761517615165, "PE_ratio": 6.53}, "TNPL": {"perc_low": 3.036965782602719, "PE_ratio": 15.25}, "TCPLPACK": {"perc_high": 2.542893469906713, "PE_ratio": 28.73}, "MANGLMCEM": {"perc_high": 9.143275121148395, "PE_ratio": 44.8}, "SHK": {"perc_high": 5.81967213114754, "PE_ratio": 21.4}, "AEROFLEX": {"perc_high": 5.096168800870955, "PE_ratio": 56.22}, "TTKHLTCARE": {"perc_high": 4.482529486682543, "PE_ratio": 38.55}, "VERANDA": {"perc_high": 4.954892435808473, "PE_ratio": 0}, "MOL": {"perc_high": 6.855373728438745, "PE_ratio": 0}, "MARATHON": {"perc_high": 7.143960457213469, "PE_ratio": 23.48}, "ARVSMART": {"perc_high": 9.915254237288133, "PE_ratio": 67.78}, "QUICKHEAL": {"perc_high": 3.135704874835304, "PE_ratio": 96.05}, "GEOJITFSL": {"perc_high": 9.330129855271439, "PE_ratio": 23.48}, "CAPACITE": {"perc_high": 6.989380093850323, "PE_ratio": 20.83}, "RANEHOLDIN": {"perc_high": 5.584221748400845, "PE_ratio": 15.51}, "GOKULAGRO": {"perc_high": 7.089816124469593, "PE_ratio": 23.89}, "NELCO": {"perc_high": 7.640449438202247, "PE_ratio": 134.11}, "SUVEN": {"perc_high": 6.832298136645963, "PE_ratio": 0}, "AMRUTANJAN": {"perc_high": 6.776025968003715, "PE_ratio": 55.48}, "HARIOMPIPE": {"perc_high": 9.985935302390999, "PE_ratio": 43.51}, "NDTV": {"perc_low": 8.019349637194296, "PE_ratio": 0}, "DCW": {"perc_high": 4.806201550387603, "PE_ratio": 206.34}, "NSIL": {"perc_high": 8.122489959839358, "PE_ratio": 35.08}, "DEEPINDS": {"perc_high": 5.795344325897182, "PE_ratio": 19.32}, "SHANKARA": {"perc_low": 3.5002176752285634, "PE_ratio": 17.84}, "SERVOTECH": {"perc_high": 6.8792710706150295, "PE_ratio": 265.29}, "HERANBA": {"perc_high": 9.24417503315021, "PE_ratio": 34.8}, "INDRAMEDCO": {"perc_high": 6.253329072121024, "PE_ratio": 30.01}, "NPST": {"perc_high": 7.324573665082472, "PE_ratio": 647.21}, "HITECH": {"perc_high": 4.467005076142138, "PE_ratio": 56.88}, "GENESYS": {"perc_high": 7.688263130221425, "PE_ratio": 99.83}, "NIITLTD": {"perc_high": 9.107405590975965, "PE_ratio": 55.92}, "NAVKARCORP": {"perc_high": 9.66545012165451, "PE_ratio": 0}, "KITEX": {"perc_high": 6.755686318886505, "PE_ratio": 37.84},