{"TASTYBITE": {"perc_low": 5.873839829950612, "PE_ratio": 64.12}, "SALASAR": {"perc_low": 6.6666666666666625, "PE_ratio": 60.43}, "REPRO": {"perc_low": 4.077638231936063, "PE_ratio": 74.64}, "IRISDOREME": {"perc_low": 4.307692307692303, "PE_ratio": 43.52}, "VERTOZ": {"perc_low": 4.9930651872399565, "PE_ratio": 93.9}, "APOLSINHOT": {"perc_low": 5.44791666666667, "PE_ratio": 34.45}, "REMSONSIND": {"perc_low": 6.997971602434083, "PE_ratio": 53.3}, "SMLT": {"perc_low": 5.2854897852278695, "PE_ratio": 18.83}, "SELMC": {"perc_low": 3.092783505154634, "PE_ratio": 0}}