{"TASTYBITE": {"perc_low": 3.708021567730823, "PE_ratio": 63.62}, "YATRA": {"perc_low": 6.575, "PE_ratio": 0}, "IRMENERGY": {"perc_low": 6.823447636700646, "PE_ratio": 29.37}, "IRISDOREME": {"perc_low": 3.8155802861685193, "PE_ratio": 43.14}, "SMLT": {"perc_low": 3.5856573705179287, "PE_ratio": 18.25}, "GSS": {"perc_low": 6.629213483146073, "PE_ratio": 33.92}, "SELMC": {"perc_low": 3.934707903780067, "PE_ratio": 0}, "SWASTIK": {"perc_low": 5.563909774436095, "PE_ratio": "NA"}, "DANGEE": {"perc_low": 6.62068965517242, "PE_ratio": 0}, "AATMAJ": {"perc_low": 6.200000000000003, "PE_ratio": "NA"}, "RELIABLE": {"perc_low": 4.939422180801489, "PE_ratio": "NA"}, "SECURCRED": {"perc_low": 6.122448979591832, "PE_ratio": 8.81}, "CBAZAAR": {"perc_low": 1.9354838709677464, "PE_ratio": "NA"}, "YCCL": {"perc_low": 6.61157024793389, "PE_ratio": "NA"}}