{"ESAFSFB": {"perc_low": 5.999999999999996, "PE_ratio": 6.25}, "TASTYBITE": {"perc_low": 4.924095858814788, "PE_ratio": 63.49}, "REPRO": {"perc_low": 5.203066383950412, "PE_ratio": 75}, "IRISDOREME": {"perc_low": 5.846153846153842, "PE_ratio": 44.81}, "SMLT": {"perc_low": 2.2047244094488128, "PE_ratio": 18.41}, "SELMC": {"perc_low": 4.1237113402061825, "PE_ratio": 0}, "SWASTIK": {"perc_low": 6.2406015037594065, "PE_ratio": "NA"}, "PODDARHOUS": {"perc_low": 5.996365838885528, "PE_ratio": 0}, "MICROPRO": {"perc_low": 5.745721271393647, "PE_ratio": "NA"}, "SECURCRED": {"perc_low": 6.168224299065423, "PE_ratio": 9.49}, "UWCSL": {"perc_low": 5.655836341756923, "PE_ratio": "NA"}, "YCCL": {"perc_low": 3.305785123966945, "PE_ratio": "NA"}, "INDIFRA": {"perc_low": 6.564885496183202, "PE_ratio": "NA"}, "FSC": {"perc_low": 6.164383561643842, "PE_ratio": 0}}