{"MEP": {"perc_low": 2.551020408163265}, "MEGAFLEX": {"perc_low": 0.3454231433506094}}