{"IDEAFORGE": {"perc_low": 2.6311953352769613}, "RILINFRA": {"perc_low": 4.6250000000000036}}